ncaa_id,team_name,2001-02,2002-03,2003-04,2004-05,2005-06,2006-07,2007-08,2008-09,2009-10,2010-11,2011-12,2012-13,2013-14,2014-15,2015-16,2016-17,2017-18,2018-19,2019-20,2020-21,2021-22,2022-23,2023-24,2024-25
721,Air Force,0,0,0,0,0,0,0,0,0,0,0,0,0,0,0,0,0,30,31,26,33,7,32,32
697,Texas A&M,0,0,0,0,32,32,37,35,34,38,35,35,36,33,32,34,36,34,30,28,29,29,32,29
8,Alabama,0,0,0,0,0,0,0,0,0,0,0,0,0,0,0,36,34,31,30,27,34,31,34,31
29,Arizona,0,0,0,0,0,0,30,31,31,33,32,30,30,30,32,30,30,37,31,27,29,32,34,33
725,Army,0,0,0,0,0,0,0,0,0,29,30,31,33,31,32,31,31,30,31,20,29,30,29,31
37,Auburn,0,0,0,0,0,0,0,0,0,0,0,0,0,0,0,0,29,32,29,24,28,31,32,0
796,Wisconsin,0,0,0,0,0,0,0,0,0,0,0,0,0,0,29,31,30,33,31,24,29,31,32,30
51,Baylor,0,0,0,0,0,0,0,0,0,0,0,0,0,37,38,37,33,38,30,31,35,33,34,36
52,Bellarmine,0,0,0,0,0,0,0,0,0,0,0,30,27,27,28,30,28,29,29,22,28,31,29,33
67,Boston College,0,0,0,0,0,0,0,0,32,33,29,31,31,29,31,30,30,30,32,19,33,33,33,34
528,Oregon State,0,0,0,0,0,0,0,0,0,0,0,0,0,0,0,35,33,34,32,20,31,31,35,35
14927,Belmont,0,0,0,0,0,0,0,0,0,0,0,0,0,0,0,0,0,0,0,0,0,35,35,36
596,St. Bonaventure,0,0,0,0,0,0,0,0,0,0,0,0,0,0,0,0,0,0,0,0,28,32,30,30
107,California,0,0,0,0,0,0,0,0,0,0,0,0,0,0,0,34,32,33,31,17,24,30,34,34
415,Miami,0,0,0,0,0,0,0,0,0,0,0,0,0,0,0,0,0,0,0,0,0,35,31,28
30135,California Baptist,0,0,0,0,0,0,0,0,0,0,0,0,0,36,32,38,29,30,31,27,32,35,32,31
136,Chicago State,0,0,0,0,0,0,0,0,0,0,0,30,30,29,29,29,30,30,28,14,27,28,27,33
147,Clemson,0,0,0,0,0,0,0,0,0,0,0,0,0,0,0,0,0,0,0,0,0,0,0,0
129,Central Michigan,0,0,0,0,0,0,0,0,0,0,0,0,0,0,0,0,0,33,30,27,29,29,28,31
169,Creighton,0,0,0,0,0,0,0,0,0,0,0,33,34,31,35,32,32,31,30,22,32,31,32,28
157,Colorado,0,0,0,0,30,30,34,28,30,34,35,32,34,32,30,33,31,30,30,23,31,34,34,32
165,Coppin State,0,0,0,0,0,0,0,0,0,0,0,32,31,29,32,29,29,30,29,15,28,30,30,33
688,Syracuse,0,0,0,0,0,0,0,0,0,0,0,32,33,32,38,33,31,34,31,24,29,33,32,30
311,Iowa State,0,0,0,0,0,0,0,0,0,0,0,0,0,0,0,31,31,35,29,28,35,32,33,35
175,Dayton,0,0,0,0,0,0,0,0,33,33,30,31,31,35,29,32,30,31,33,19,32,28,31,31
189,Drake,0,0,0,0,0,0,0,0,0,0,0,0,0,0,0,0,0,0,0,0,34,32,35,34
193,Duke,0,0,0,0,0,0,0,0,0,0,0,36,35,34,32,34,33,30,30,4,30,33,34,37
194,Duquesne,0,0,0,0,0,27,30,32,32,33,32,32,32,33,34,34,33,32,31,16,29,31,34,33
648,South Carolina,0,0,0,0,0,0,0,0,0,0,0,0,0,37,35,37,36,33,32,31,35,38,39,38
794,Green Bay,0,0,0,0,0,0,0,0,0,0,0,0,0,0,0,0,33,32,32,22,27,34,34,35
251,Georgetown,0,0,0,0,0,0,0,0,0,0,0,0,0,0,0,0,0,35,30,17,29,31,35,31
649,South Dakota State,0,0,0,0,0,0,0,35,0,0,0,0,0,0,34,32,33,35,33,25,36,35,33,34
249,George Washington,0,0,0,0,0,0,0,0,0,0,0,0,0,33,33,29,33,30,30,23,31,31,31,31
430,Mississippi State,0,0,0,0,0,32,31,33,34,30,30,30,36,34,36,39,39,36,33,19,29,33,35,32
742,Virginia Tech,0,0,0,0,0,0,0,0,0,0,0,0,0,0,0,0,37,34,30,25,33,36,33,0
463,Nebraska,0,0,0,0,0,0,0,0,0,0,0,0,0,0,0,0,0,0,30,26,33,33,0,0
301,Illinois,0,0,0,0,0,0,0,0,0,0,0,0,30,31,30,31,31,30,30,23,27,32,34,32
306,Indiana,0,0,0,0,0,0,0,0,0,0,0,0,0,0,33,34,37,34,32,27,33,32,32,33
310,Iona,0,0,0,0,0,0,0,0,0,0,0,0,0,30,35,31,30,31,30,15,27,33,30,32
312,Iowa,0,0,0,0,0,0,0,0,0,0,0,0,0,0,0,0,0,0,0,0,0,39,13,0
334,Kentucky,0,0,0,0,0,0,0,0,0,0,0,0,35,34,33,33,32,33,30,27,31,31,32,0
327,Kansas State,0,0,0,0,0,34,32,33,32,32,34,37,30,33,32,34,34,33,29,27,33,36,34,33
270,Hampton,0,0,0,0,0,0,0,0,0,0,31,34,33,32,31,33,32,30,29,15,28,30,29,31
694,Tennessee,0,0,0,0,0,0,0,0,0,0,0,0,0,0,0,32,33,32,31,25,34,37,33,33
340,LaSalle,0,0,0,0,0,0,0,0,0,0,31,29,30,31,30,30,30,31,30,26,28,31,30,33
381,Manhattan,0,0,0,0,0,0,0,0,0,0,0,0,30,30,31,30,31,31,29,20,32,33,29,31
387,Marquette,0,0,0,0,0,0,0,0,0,0,0,0,0,0,0,0,0,34,32,26,34,32,32,30
404,Memphis,0,0,0,0,0,0,0,0,0,0,0,32,29,31,31,30,30,31,31,19,28,33,30,30
406,Mercer,0,0,0,0,0,0,0,0,0,0,0,32,31,35,33,32,33,33,31,26,30,28,32,30
434,Missouri,0,0,0,0,0,0,0,0,0,0,5,30,31,33,32,33,32,35,31,22,31,32,30,32
450,Mount St. Mary's,0,0,0,0,0,0,0,0,0,27,30,31,33,30,30,30,29,31,31,24,29,31,31,31
419,Middle Tennessee,0,0,0,0,0,0,0,0,0,0,0,0,0,34,33,34,31,32,30,25,35,33,35,35
501,Northern Arizona,0,0,0,0,0,0,0,0,0,29,29,29,29,30,30,30,30,31,31,29,31,35,35,35
513,Notre Dame,0,0,0,0,0,0,0,0,0,0,0,0,0,0,0,0,0,0,0,0,0,34,34,35
466,Nevada,0,0,0,0,0,0,0,0,0,33,30,31,31,30,30,30,36,31,31,22,33,31,32,32
739,Villanova,0,0,0,0,0,0,0,0,0,0,0,0,0,0,0,35,32,32,30,24,33,37,35,34
654,Southeast Missouri State,0,0,0,0,0,0,0,0,0,0,0,0,29,29,30,30,31,30,32,26,0,31,29,29
529,Oregon,0,0,0,0,0,0,0,0,0,30,31,31,32,30,35,37,38,38,33,24,32,35,32,30
617,Saint Peter's,0,0,0,0,0,0,0,0,0,0,2,29,30,30,30,30,30,30,30,28,31,30,30,30
540,Pennsylvania,0,0,0,0,27,27,29,11,28,28,28,31,29,30,29,30,31,31,27,0,26,29,28,28
545,Pittsburgh,0,0,0,0,0,0,0,0,0,0,0,0,31,32,31,30,30,31,31,19,30,30,32,32
554,Princeton,0,0,0,0,0,0,0,0,0,0,0,0,0,0,0,30,30,32,27,0,30,30,35,29
556,Providence,0,0,0,0,27,29,29,23,34,29,29,30,29,30,29,30,31,35,32,21,30,32,34,32
559,Purdue,0,0,0,0,0,37,34,36,32,33,34,34,31,31,32,36,34,34,32,23,32,30,34,29
31,Arkansas,0,0,0,0,0,0,0,0,0,0,0,0,0,0,0,0,0,0,0,0,0,0,0,0
579,Robert Morris,0,0,0,0,29,32,33,31,32,30,32,29,33,32,33,33,33,33,30,17,28,30,30,31
587,Rutgers,0,0,0,0,0,0,0,0,0,4,27,17,23,9,16,9,32,32,31,19,31,32,32,31
635,Seton Hall,0,0,0,0,0,0,0,0,0,0,0,0,0,0,32,31,32,31,31,21,35,34,40,31
603,St. John's,0,0,0,0,30,28,33,34,32,33,34,31,34,34,33,33,18,31,31,23,31,32,33,31
28,Arizona State,0,0,0,0,0,0,0,0,0,0,0,0,0,0,0,33,35,33,31,24,26,28,31,32
690,Temple,0,0,0,0,0,0,0,0,0,0,33,32,30,37,35,32,31,30,31,22,28,39,42,31
703,Texas,0,0,0,0,28,0,35,32,33,33,32,30,34,35,36,34,35,33,30,31,36,36,38,36
709,Toledo,0,0,0,0,0,0,0,0,0,0,0,0,0,0,30,34,33,32,31,24,35,34,34,33
716,Troy,0,0,0,0,0,0,0,0,0,0,0,0,30,31,33,33,31,31,29,28,33,30,34,33
14,Albany,0,0,0,0,0,0,0,0,0,0,0,0,0,0,0,0,0,0,30,18,33,34,32,33
128,Central Florida,0,0,0,0,0,0,0,0,0,0,0,0,0,30,30,33,33,0,30,21,30,29,0,0
110,UCLA,0,0,0,0,0,0,0,0,0,0,0,0,0,0,6,40,41,41,9,29,37,37,40,31
164,UConn,0,0,0,0,0,0,0,0,0,0,0,0,0,0,38,37,37,38,32,30,36,37,39,36
418,Michigan,0,0,0,0,29,30,33,30,35,30,32,33,34,35,35,37,33,34,32,22,32,33,34,32
367,Louisville,0,0,0,0,0,0,0,0,0,0,0,38,0,0,34,37,39,36,32,30,34,10,34,31
629,San Francisco,0,0,0,0,0,0,0,0,0,0,30,31,31,33,30,31,31,31,31,27,33,32,30,31
651,South Florida,0,0,0,0,0,0,0,0,0,0,0,0,0,0,0,33,34,35,32,23,33,34,33,34
732,Utah,0,0,0,0,0,0,0,0,0,0,8,37,20,30,33,30,32,30,31,21,33,32,34,30
702,Texas-Arlington,0,0,0,0,0,0,0,0,0,0,0,0,1,26,31,31,30,32,32,20,28,31,33,32
295,Idaho,0,0,0,0,0,0,0,0,0,0,0,0,34,29,34,34,33,34,31,24,32,30,31,30
740,Virginia Commonwealth,0,0,0,0,0,0,0,0,35,31,11,29,32,29,33,31,28,34,32,27,28,29,32,31
749,Wake Forest,0,0,0,0,0,0,0,0,0,0,0,0,0,0,0,0,0,30,30,25,33,34,42,29
771,Western Illinois,0,0,0,0,0,0,0,0,0,0,0,0,30,30,32,33,32,30,30,24,29,30,30,34
754,Washington State,0,0,0,0,0,0,0,0,0,0,0,0,0,32,30,36,30,30,31,24,31,34,36,34
811,Wyoming,0,0,0,0,0,0,0,0,0,0,0,0,0,0,0,0,33,34,29,23,30,34,33,34
812,Xavier,0,0,0,0,0,0,0,0,0,0,0,0,0,33,30,30,30,30,30,15,30,30,28,31
2,Abilene Christian,0,0,0,0,0,0,0,0,0,0,0,2,30,29,30,32,30,33,29,27,30,30,30,34
17,Alcorn State,0,0,0,0,0,0,0,0,0,0,0,27,30,25,30,30,30,30,31,20,25,29,32,32
27,Appalachian State,0,0,0,0,0,0,0,0,0,0,0,0,0,0,30,31,31,36,30,27,26,31,32,30
43,Austin Peay,0,0,0,0,0,0,0,0,0,33,31,28,29,30,30,30,30,30,30,23,33,29,33,31
626,San Diego State,0,0,0,0,0,0,0,0,0,0,0,0,0,0,0,0,0,32,31,24,31,34,35,0
47,Ball State,0,0,0,0,0,0,0,0,0,0,0,0,34,31,32,32,32,30,31,25,33,35,34,27
7,Alabama State,0,0,0,0,0,0,0,0,0,0,28,28,29,32,31,30,30,30,30,19,30,31,29,30
61,Bethune-Cookman,0,0,0,0,0,0,0,0,0,0,0,0,0,0,0,32,31,32,29,0,27,30,31,31
99,Long Beach State,0,0,0,0,0,0,0,0,0,0,0,0,0,0,0,0,0,30,30,20,28,33,33,30
624,Sam Houston State,0,0,0,0,0,0,0,0,0,0,0,0,29,28,32,28,27,29,29,23,31,31,29,30
71,Bowling Green,0,0,0,0,0,0,0,0,0,0,0,0,0,30,28,31,30,30,31,29,33,38,31,31
62,Binghamton,0,0,0,0,0,0,0,0,0,0,0,0,0,30,31,30,32,29,31,16,29,30,31,30
380,Maine,0,0,0,0,0,0,0,0,0,31,31,28,32,33,35,34,33,33,32,20,32,30,34,31
1320,Presbyterian College,0,0,0,0,0,0,0,0,0,0,0,0,0,0,0,0,0,0,30,21,30,30,36,30
72,Bradley,0,0,0,0,28,31,30,31,31,31,34,30,30,30,31,31,31,30,29,29,28,32,32,33
66,Boise State,0,0,0,0,30,33,32,30,31,31,31,30,32,33,30,33,33,33,33,23,39,43,45,33
81,Bryant,0,0,0,0,0,0,0,0,0,0,0,0,0,0,0,0,0,0,0,0,0,0,0,32
83,Bucknell,0,0,0,0,0,0,0,0,0,0,0,0,0,0,0,0,0,34,30,10,34,30,31,31
87,Butler,0,0,0,0,0,0,0,0,0,0,0,0,0,0,0,0,0,0,0,0,28,30,32,33
77,Brigham Young,0,0,0,0,0,0,0,0,0,0,0,0,0,0,0,0,0,0,0,0,0,0,0,0
90,Cal Poly,0,0,0,0,0,0,0,0,0,28,32,31,30,29,0,29,28,27,27,24,25,28,31,32
769,Western Carolina,0,0,0,0,29,34,34,33,30,31,30,30,32,30,29,30,28,30,30,24,30,30,30,30
127,Central Connecticut,0,0,0,0,0,0,0,0,0,0,0,0,0,0,0,0,0,0,0,0,0,0,0,0
458,Charlotte,0,0,0,0,0,0,0,0,0,0,0,0,0,0,0,31,30,31,30,22,32,31,31,32
148,Cleveland State,0,0,0,0,0,0,0,0,0,0,0,0,0,0,0,0,0,0,0,0,0,0,0,33
149,Coastal Carolina,0,0,0,0,28,29,28,30,30,29,28,29,31,30,31,29,30,32,29,18,26,30,33,32
1014,College of Charleston,0,0,0,0,0,0,0,0,0,0,0,0,0,0,31,30,31,30,30,15,31,29,32,32
153,Colgate,0,0,0,0,0,0,0,0,0,0,30,31,30,31,30,30,30,29,30,9,30,30,34,33
167,Cornell,0,0,0,0,0,0,0,0,0,0,28,28,28,28,28,27,27,26,26,0,25,27,26,27
94,Cal State Bakersfield,0,0,0,0,0,0,0,0,0,0,0,0,31,32,31,29,32,31,29,18,25,31,29,30
48,Charleston Southern,0,0,0,0,0,0,0,0,0,29,32,27,29,30,30,31,31,32,30,23,29,30,30,30
158,Columbia,0,0,0,0,0,0,0,0,0,0,0,0,0,0,0,0,29,27,27,0,32,34,30,31
172,Dartmouth,0,0,0,0,0,0,0,0,0,0,0,0,0,28,30,27,27,27,27,0,26,28,26,27
173,Davidson,0,0,0,0,29,32,0,0,0,28,32,35,32,30,30,29,30,32,31,23,33,21,33,32
180,Delaware,0,0,0,0,0,0,0,0,0,0,0,0,0,0,31,26,25,31,29,29,32,6,31,30
176,DePaul,0,0,0,0,0,0,0,0,0,0,0,0,0,0,0,0,0,34,33,24,32,33,32,32
184,Detroit Mercy,0,0,0,0,0,0,0,0,0,0,34,34,30,30,30,32,30,29,30,14,28,30,33,30
191,Drexel,0,0,0,0,0,0,0,0,0,0,0,38,31,31,33,33,35,33,30,23,34,31,34,30
178,Delaware State,0,0,0,0,0,0,0,0,0,0,0,0,0,0,0,0,0,0,30,15,24,25,28,29
201,Eastern Illinois,0,0,0,0,0,0,0,0,0,0,31,32,28,30,28,28,29,29,31,26,30,29,33,30
202,Eastern Kentucky,0,0,0,0,0,0,0,0,0,0,0,30,30,26,30,32,27,29,28,24,31,32,34,33
204,Eastern Michigan,0,0,0,0,0,0,0,0,0,0,32,30,32,37,34,31,31,31,31,20,27,30,29,29
393,Maryland-Eastern Shore,0,0,0,0,0,0,0,0,0,0,0,0,0,0,0,0,0,31,31,0,27,30,30,31
198,East Tennessee State,0,0,0,0,0,0,0,0,0,0,0,0,0,0,0,0,0,0,0,0,0,0,0,30
207,Eastern Washington,0,0,0,0,0,0,0,0,0,0,0,0,0,0,32,33,31,33,30,23,30,30,35,31
229,Florida Atlantic,0,0,0,0,31,31,28,29,29,28,30,29,29,30,30,29,28,30,30,22,30,30,30,32
222,Fairleigh Dickinson,0,0,0,0,0,0,0,0,0,0,31,29,29,30,32,30,30,30,30,24,31,32,31,33
28755,Florida Gulf Coast,0,0,0,0,31,35,31,31,31,32,32,34,34,34,39,35,36,33,33,29,33,37,34,34
236,Fordham,0,0,0,0,28,28,29,29,30,31,30,35,33,33,31,34,34,34,32,18,29,32,29,30
96,Fresno State,0,0,0,0,32,31,0,33,0,33,33,33,33,33,34,33,32,32,32,28,29,32,33,34
234,Florida St,0,0,0,0,0,0,0,0,0,0,0,0,0,0,0,0,0,0,0,0,0,0,0,0
97,Cal State Fullerton,0,0,0,0,0,0,0,0,0,0,0,0,0,0,0,0,0,0,0,0,0,0,31,30
244,Furman,0,0,0,0,0,0,2,0,2,1,18,30,31,31,30,31,32,32,31,25,34,30,31,32
610,Saint Mary's (CA),0,0,0,0,0,0,0,0,0,0,0,0,0,0,0,0,0,33,31,26,33,31,31,31
1104,Grand Canyon,0,0,0,0,0,0,0,0,0,0,0,0,30,27,31,26,30,27,27,25,32,31,32,35
140,Cincinnati,0,0,0,0,0,0,0,0,0,0,0,30,31,31,30,30,32,35,32,24,28,30,32,29
115,Campbell,0,0,0,0,0,0,0,0,0,0,0,0,0,0,0,31,30,36,29,23,31,31,31,35
503,Northern Illinois,0,0,0,0,0,0,0,0,0,0,0,0,0,1,30,33,28,32,30,24,29,33,31,30
428,Minnesota,0,0,0,0,0,0,0,0,0,0,0,0,0,33,32,31,33,32,31,21,33,27,36,36
782,Wichita State,0,0,0,0,0,0,0,0,0,0,0,0,0,33,29,31,31,30,31,18,30,33,32,32
718,Tulane,0,0,0,0,0,0,0,0,0,0,0,0,31,33,35,33,31,30,31,27,31,32,32,30
116,Canisius,0,0,0,0,0,0,0,0,0,0,0,0,30,30,30,31,30,30,30,5,31,30,31,31
253,Georgia Southern,0,0,0,0,0,31,30,0,0,0,0,31,31,29,29,30,30,29,30,24,28,31,33,34
254,Georgia State,0,0,0,0,0,0,0,0,0,0,0,0,0,0,0,0,0,0,29,24,26,33,30,33
255,Georgia Tech,0,0,0,0,0,0,0,0,0,0,0,0,0,0,0,0,0,0,0,0,0,0,0,0
272,Hartford,0,0,0,0,0,0,0,0,0,0,0,0,0,0,0,0,0,0,0,0,0,27,25,26
275,Harvard,0,0,0,0,0,0,0,1,22,27,30,30,30,28,28,30,28,29,22,0,27,32,28,29
277,Hawaii,0,0,0,0,0,0,0,0,0,0,0,31,31,31,32,30,30,32,30,17,30,33,31,32
287,Houston Christian,0,0,0,0,0,0,0,0,0,0,0,0,0,0,0,0,0,0,0,0,0,29,29,29
285,Holy Cross,0,0,0,0,0,0,0,0,0,0,0,0,0,0,0,0,0,0,30,15,31,33,34,31
388,Marshall,0,0,0,0,0,0,0,0,0,0,0,0,0,0,0,0,0,32,30,19,28,31,33,35
283,Hofstra,0,0,0,0,0,0,0,0,0,0,0,0,0,33,34,31,30,33,30,20,28,32,32,30
290,Howard,0,0,0,0,0,0,0,0,2,0,0,28,26,31,31,29,30,31,31,19,31,30,31,34
19651,High Point,0,0,0,0,30,30,30,31,31,31,33,30,33,32,31,30,31,31,29,29,31,32,32,33
305,Indiana State,0,0,0,0,0,0,0,0,0,0,0,0,32,30,30,30,30,30,30,20,31,30,32,32
665,Southern,0,0,0,0,0,0,0,0,0,0,0,0,0,0,0,0,0,0,30,23,30,33,30,36
316,Jacksonville,0,0,0,0,0,0,0,0,0,32,29,0,29,28,32,32,25,30,30,21,29,28,31,31
331,Kent State,0,0,0,0,0,0,0,0,0,0,22,30,30,30,29,32,32,33,30,20,31,32,32,33
1157,Kennesaw State,0,0,0,0,0,0,0,0,0,0,31,31,30,30,30,30,26,31,29,19,28,31,30,31
328,Kansas,0,0,0,0,0,0,0,0,0,0,0,0,0,0,0,0,0,0,0,0,0,0,0,30
700,Texas Tech,0,0,0,0,0,0,0,0,0,0,0,0,0,0,0,31,30,31,29,25,30,35,33,34
342,Lafayette,0,0,0,0,0,0,0,0,0,0,0,0,0,0,0,0,30,31,29,13,30,29,30,31
346,Lamar,0,0,0,0,27,30,32,31,34,33,31,33,31,30,31,30,30,31,29,24,29,32,31,30
352,Lehigh,0,0,0,0,0,0,0,0,0,0,0,0,31,31,31,30,30,31,30,16,30,31,30,27
355,Liberty,0,0,0,0,0,0,0,0,0,0,0,0,0,33,33,30,34,32,0,0,33,33,34,33
655,Southeastern Louisiana,0,0,0,0,0,0,0,0,0,0,30,29,30,29,29,29,29,29,29,19,27,31,31,32
28600,Lipscomb,0,0,0,0,0,0,0,0,0,0,29,29,30,29,30,30,31,29,30,22,30,32,30,32
32,Arkansas-Little Rock,0,0,0,0,28,31,32,33,34,31,32,33,30,34,33,34,33,32,31,26,27,31,30,30
361,Long Island,0,0,0,0,0,0,0,0,0,0,0,0,0,0,0,0,0,0,30,18,27,29,30,30
363,Longwood,0,0,0,0,0,0,0,0,0,0,0,33,30,30,30,30,30,30,30,25,34,30,30,34
369,Loyola-Maryland,0,0,0,0,0,0,0,0,0,0,0,8,30,30,32,31,30,31,30,13,29,31,31,30
386,Marist,0,0,0,0,0,0,0,0,0,0,0,0,0,33,32,32,34,33,30,22,29,30,31,31
248,George Mason,0,0,0,0,0,0,0,0,0,0,0,0,0,0,0,29,34,30,30,22,29,31,31,33
308,Purdue-Fort Wayne,0,0,0,0,28,29,30,30,30,31,30,30,30,30,30,29,28,29,29,23,28,28,36,33
402,McNeese State,0,0,0,0,0,0,0,0,0,0,0,36,33,32,33,31,30,29,29,22,28,31,31,31
497,North Texas,0,0,0,0,0,0,0,0,0,0,0,0,0,0,0,0,0,34,31,19,30,31,32,31
410,Merrimack,0,0,0,0,0,0,0,0,0,0,0,0,0,0,0,0,27,30,29,15,26,31,31,31
414,Miami Ohio,0,0,0,0,0,0,0,0,0,0,0,0,0,0,0,0,0,32,31,24,29,31,29,31
797,Milwaukee,0,0,0,0,31,31,31,33,31,30,30,29,30,30,32,34,33,30,31,28,30,30,32,32
441,Montana,0,0,0,0,0,0,0,0,0,0,0,0,0,0,31,30,31,30,30,23,30,30,33,32
8567,Mount St. Joseph,0,0,0,0,0,0,0,0,0,24,25,25,25,24,26,0,26,26,0,9,23,25,28,28
416,Michigan State,0,0,0,0,0,0,0,0,0,0,0,0,0,31,34,33,33,33,30,24,30,30,31,32
440,Montana State,0,0,0,0,0,0,0,0,0,0,0,30,30,30,31,32,31,31,31,24,35,31,33,34
444,Morehead State,0,0,0,0,0,0,0,0,0,0,0,0,0,0,30,31,32,35,30,23,28,32,30,30
439,Monmouth,0,0,0,0,0,0,0,0,0,0,0,0,33,31,31,31,31,31,31,18,30,34,32,31
726,Navy,0,0,0,0,0,0,0,0,0,0,0,0,0,0,0,1,33,29,30,12,31,30,31,31
489,North Carolina Central,0,0,0,0,0,0,0,0,0,0,30,30,30,29,28,29,30,31,30,16,25,31,31,30
493,North Dakota State,0,0,0,0,0,0,0,0,0,0,0,0,30,29,29,30,29,29,30,24,29,30,34,31
482,Niagara,0,0,0,0,0,0,0,0,0,0,0,31,30,31,31,30,31,31,31,11,30,31,35,28
483,Nicholls State,0,0,0,0,0,0,0,0,0,0,31,30,31,30,29,30,33,32,29,25,26,29,32,31
471,New Jersey Institute of Technology,0,0,0,0,0,0,0,0,0,0,0,0,29,29,30,30,30,30,29,18,30,29,30,30
505,Northern Kentucky,0,0,0,0,0,0,0,32,30,23,28,28,31,33,33,31,31,29,32,19,29,31,31,32
472,New Mexico State,0,0,0,0,0,0,0,0,0,0,0,0,0,0,31,31,31,33,30,21,29,35,31,34
485,Norfolk State,0,0,0,0,0,0,0,0,0,0,29,29,28,30,27,30,29,32,30,14,29,33,33,35
508,Northwestern State,0,0,0,0,0,0,0,0,0,0,29,30,34,34,31,30,29,29,29,20,26,29,30,32
509,Northwestern,0,0,0,0,0,0,0,0,0,0,0,0,0,20,35,31,32,36,30,25,29,30,0,27
523,Old Dominion,0,0,0,0,0,0,0,0,0,0,0,0,0,0,0,0,0,0,30,24,34,34,32,0
518,Ohio State,0,0,0,0,0,0,0,0,0,0,0,0,0,0,0,0,0,26,33,20,32,36,32,33
433,Mississippi,0,0,0,0,29,35,29,32,32,29,30,29,32,29,30,29,31,31,30,27,32,34,56,30
464,Omaha,0,0,0,0,0,0,0,0,0,0,0,0,0,28,30,31,28,29,30,20,26,32,31,31
527,Oral Roberts,0,0,0,0,0,0,0,0,0,34,31,31,29,34,30,29,29,31,31,21,31,31,32,33
2711,North Florida,0,0,0,0,0,0,0,0,0,0,30,30,28,30,30,30,31,29,31,25,30,27,30,31
521,Oklahoma State,0,0,0,0,0,0,0,0,0,0,0,0,0,0,30,32,32,30,30,28,29,33,30,32
522,Oklahoma,0,0,0,0,0,0,0,0,0,0,0,0,0,0,0,0,0,0,30,24,34,42,42,32
539,Penn State,0,0,0,0,0,0,0,0,0,0,0,0,0,0,0,0,0,30,30,24,29,31,35,0
551,Portland,0,0,0,0,0,0,0,0,0,0,32,0,30,30,30,30,30,30,32,27,31,32,34,35
474,New Orleans,0,0,0,0,0,0,0,0,0,0,0,0,29,27,27,29,30,28,29,21,23,28,30,29
550,Portland State,0,0,0,0,0,0,0,0,0,0,29,29,28,29,30,33,32,33,32,25,29,31,31,28
562,Quinnipiac,0,0,0,0,0,1,1,2,0,1,0,0,0,0,34,36,34,33,29,21,33,30,31,33
454,Murray State,0,0,0,0,0,0,0,0,0,0,0,29,28,29,28,29,30,30,30,27,32,31,32,32
563,Radford,0,0,0,0,0,0,0,0,0,0,31,30,30,31,31,33,33,33,29,20,30,31,33,31
671,Louisiana,0,0,0,0,0,0,0,0,0,0,0,31,30,35,35,31,33,30,31,24,25,16,31,29
371,Loyola-Chicago,0,0,0,0,0,0,0,0,0,0,0,0,0,0,30,30,30,31,29,27,30,30,31,30
299,Illinois State,0,0,0,0,0,0,0,0,0,0,0,0,0,30,30,31,30,31,29,25,33,33,34,34
572,Rhode Island,0,0,0,0,0,0,0,0,0,0,28,29,30,30,30,28,30,29,29,19,29,33,34,33
574,Rice,0,0,0,0,0,0,0,0,0,0,0,0,0,0,0,0,0,32,29,27,27,32,34,34
576,Rider,0,0,0,0,0,0,0,0,0,0,0,0,1,30,30,33,31,32,30,26,30,31,31,29
368,UMass Lowell,0,0,0,0,0,0,0,0,24,26,27,27,28,29,28,29,30,29,31,21,27,27,29,28
590,Sacred Heart,0,0,0,0,0,0,0,0,0,0,0,0,0,0,0,0,0,0,0,0,25,33,34,29
102,Sacramento State,0,0,0,0,0,0,0,0,0,0,0,0,0,0,0,0,0,0,0,0,0,33,31,33
609,Saint Louis,0,0,0,0,0,0,0,0,0,0,0,0,0,0,0,34,33,31,32,19,27,35,40,34
625,Samford,0,0,0,0,0,0,0,0,0,0,0,31,30,30,31,31,31,30,32,25,30,30,30,31
630,San Jose State,0,0,0,0,0,0,30,30,29,29,30,30,30,32,30,32,30,30,31,4,30,31,0,0
631,Santa Clara,0,0,0,0,0,0,0,0,0,0,0,0,0,0,0,0,0,0,0,0,0,0,34,31
650,South Dakota,0,0,0,0,28,31,35,29,31,32,31,35,33,34,38,32,36,34,32,25,35,30,36,31
676,Stephen F. Austin,0,0,0,0,0,0,0,0,0,0,0,0,0,0,0,0,32,32,29,27,33,28,34,34
599,St. Francis College Brooklyn,0,0,0,0,0,0,0,0,0,0,29,30,29,34,29,30,30,31,29,14,27,30,0,0
600,Saint Francis (PA),0,0,0,0,0,0,0,0,0,0,30,33,32,29,31,32,34,33,30,23,30,29,30,30
606,Saint Joseph's (PA),0,0,0,0,0,0,0,0,0,0,0,0,0,0,0,32,34,31,29,17,30,31,34,34
663,Southern Methodist,0,0,0,0,0,0,0,0,0,0,0,0,0,0,31,34,30,30,29,6,29,30,30,30
664,Southern Miss,0,0,0,0,0,0,0,0,0,0,0,0,0,0,0,0,0,32,30,19,30,31,34,31
575,Richmond,0,0,0,0,0,0,0,0,0,0,0,0,0,0,0,30,31,30,32,22,30,32,35,35
220,Fairfield,0,0,0,0,0,0,0,0,0,0,0,0,0,31,31,31,30,31,30,16,32,30,33,33
674,Stanford,0,0,0,0,0,0,39,38,38,36,37,36,37,36,35,38,35,36,33,33,35,35,36,0
678,Stetson,0,0,0,0,0,0,0,0,0,0,0,0,0,0,0,33,32,32,30,25,32,33,32,31
683,Stony Brook,0,0,0,0,0,0,0,0,0,0,0,0,33,31,32,30,30,31,31,21,29,31,33,30
1356,Seattle,0,0,0,0,0,0,0,0,0,0,0,0,0,0,0,0,33,30,29,25,30,30,29,30
698,Texas Christian,0,0,0,0,0,0,0,0,0,0,0,0,0,0,0,0,36,35,29,25,28,30,33,36
68,Boston,0,0,0,0,0,0,0,0,31,31,32,30,33,30,30,30,29,29,30,15,31,33,32,31
711,Towson,0,0,0,0,0,0,0,0,0,0,0,0,0,32,31,30,29,33,29,22,32,33,31,32
692,Tennessee Tech,0,0,0,0,0,0,0,0,0,0,0,0,0,0,0,0,0,0,0,0,0,0,0,0
670,Texas State,0,0,0,0,0,0,0,0,0,0,30,28,31,32,31,31,33,31,30,22,29,33,32,30
9,UAB,0,0,0,0,0,0,0,0,0,0,0,0,0,0,0,0,34,33,31,23,31,31,32,32
2678,Arkansas-Pine Bluff,0,0,0,0,0,0,0,0,0,0,0,31,27,29,25,30,29,24,29,21,29,31,33,28
1004,Central Arkansas,0,0,0,0,0,0,0,0,0,0,31,30,30,31,32,31,35,30,29,27,28,26,33,33
108,UC Davis,0,0,0,0,0,0,31,29,32,33,30,30,31,31,32,33,35,32,29,16,28,30,34,33
109,UC Irvine,0,0,0,0,0,0,0,0,0,0,0,18,32,32,31,0,32,31,31,24,32,32,32,31
111,UC Riverside,0,0,0,0,0,0,0,0,0,32,29,29,29,31,32,31,33,33,30,19,25,32,32,32
104,UC Santa Barbara,0,0,0,0,0,0,0,0,0,0,0,0,0,0,0,0,0,0,0,0,0,0,31,31
219,Evansville,0,0,0,0,0,0,0,0,0,0,0,0,31,32,31,31,30,30,29,23,30,30,32,32
257,Georgia,0,0,0,0,0,0,0,0,0,0,0,0,0,0,0,28,33,29,31,28,31,34,30,32
288,Houston,0,0,0,0,0,0,0,0,0,0,0,0,0,0,0,0,0,31,31,25,34,31,30,30
302,Illinois-Chicago,0,0,0,0,0,0,0,0,0,0,0,0,0,0,30,29,30,29,29,19,27,36,34,33
2743,Incarnate Word,0,0,0,0,0,0,0,0,0,0,0,27,27,29,29,29,29,29,29,15,30,29,30,32
498,Louisiana Monroe,0,0,0,0,0,0,0,0,0,0,0,0,0,0,0,0,30,29,29,23,29,30,35,30
400,Massachusetts,0,0,0,0,0,0,0,0,0,30,29,29,31,30,30,28,29,32,31,24,33,16,32,30
391,UMBC,0,0,0,0,0,0,0,0,0,0,0,0,0,0,0,0,0,0,0,0,25,29,29,29
392,Maryland,0,0,0,0,0,0,0,0,0,0,0,0,0,37,35,35,34,34,32,29,32,35,29,32
502,Northern Colorado,0,0,0,0,0,0,0,0,0,0,0,0,0,35,29,30,32,32,31,26,31,31,31,31
456,UNC Asheville,0,0,0,0,0,0,0,0,0,0,0,0,0,0,0,34,33,32,30,25,32,31,31,31
459,UNC Greensboro,0,0,0,0,30,30,31,31,30,29,29,31,30,30,30,35,31,30,32,24,28,30,33,32
457,North Carolina,0,0,0,0,0,0,0,0,0,0,0,0,0,0,0,31,31,33,30,24,32,33,42,34
469,New Hampshire,0,0,0,0,0,0,0,0,30,29,30,30,31,29,30,32,31,30,29,20,28,28,29,30
504,Northern Iowa,0,0,0,0,0,0,0,0,0,0,0,0,0,32,35,33,33,33,29,30,34,33,32,33
473,New Mexico,0,0,0,0,0,0,0,0,0,0,0,0,0,0,0,0,0,0,0,0,0,0,0,0
657,Southern Cal,0,0,0,0,0,0,0,0,0,37,30,31,35,30,32,30,31,30,31,23,28,31,35,31
627,San Diego,0,0,0,0,0,0,0,0,0,0,0,0,0,0,0,0,0,30,31,19,32,33,31,31
704,Texas-El Paso,0,0,0,0,0,0,0,0,0,0,0,0,0,0,0,0,31,31,30,25,29,32,31,30
695,UT Martin,0,0,0,0,0,0,0,0,0,0,0,0,0,0,1,31,34,32,32,28,30,30,33,32
536,UT-Rio Grande Valley,0,0,0,0,0,0,0,0,0,0,0,1,30,34,32,32,30,33,30,20,33,30,29,32
706,UT-San Antonio,0,0,0,0,0,0,0,0,0,0,0,0,0,0,0,30,30,28,29,20,30,32,0,0
738,Vermont,0,0,0,0,0,0,0,0,0,0,30,31,30,29,30,29,30,29,30,6,31,32,37,34
30024,Utah Valley,0,0,0,0,27,28,28,27,32,29,30,30,30,30,31,31,30,30,28,20,31,30,29,32
756,Washington,0,0,0,0,0,0,0,0,0,0,0,0,0,0,0,35,30,32,30,21,23,34,31,33
735,Valparaiso,0,0,0,0,0,0,0,0,0,0,0,0,0,0,0,0,0,0,0,0,0,0,0,32
736,Vanderbilt,0,0,0,0,0,0,0,0,0,0,0,0,0,0,0,0,0,0,0,0,0,0,0,0
758,Weber State,0,0,0,0,0,0,0,0,0,0,0,0,0,0,0,7,32,31,30,22,31,31,33,29
792,Winthrop,0,0,0,0,0,0,0,0,31,31,31,33,33,30,29,31,30,30,30,24,30,30,30,31
786,William & Mary,0,0,0,0,0,0,0,0,0,0,0,0,0,0,30,31,30,31,29,13,30,31,29,35
774,Western Michigan,0,0,0,0,0,0,0,0,0,0,0,0,0,33,32,32,33,30,31,21,30,29,30,30
2915,Wofford,0,0,0,0,28,29,31,29,29,30,31,29,29,30,29,29,30,31,30,24,31,32,30,29
768,West Virginia,0,0,0,0,0,0,0,0,0,0,0,0,0,38,35,35,37,33,29,29,30,31,33,33
260,Gonzaga,0,0,0,0,30,34,34,34,34,36,34,33,34,34,33,33,33,34,31,27,34,33,36,34
5,Akron,0,0,0,0,0,0,0,0,0,0,32,32,33,31,33,30,30,31,30,21,29,30,29,31
100,Cal State LA,0,0,0,0,0,0,0,0,0,0,0,32,28,26,27,29,29,26,28,0,27,30,30,28
1000,Carson-Newman,0,0,0,0,0,0,0,0,0,0,0,0,0,0,0,0,0,0,0,0,0,0,0,0
1001,Catawba,0,0,0,0,0,0,0,0,0,0,0,0,0,0,0,0,0,0,0,0,0,0,0,0
1009,Central Okla.,0,0,0,0,0,0,0,0,0,0,0,3,27,30,30,33,29,31,28,23,30,28,28,28
101,CSUN,0,0,0,0,0,0,26,31,28,29,31,32,33,33,31,32,35,31,31,0,28,31,30,29
1010,Central Wash.,0,0,0,0,0,0,0,0,0,0,26,0,26,27,29,30,29,29,30,2,32,30,31,31
1012,Chadron St.,0,0,0,0,0,0,0,0,0,0,26,26,26,26,26,25,28,28,31,13,26,28,25,26
1013,Charleston (WV),0,0,0,0,0,0,0,0,0,0,23,29,30,29,30,31,30,32,30,21,32,33,30,30
1015,Christian Brothers,0,0,0,0,0,0,0,27,27,25,27,27,28,28,27,27,26,25,24,14,26,28,28,27
1023,Coker,0,0,0,0,0,0,0,0,0,0,0,0,0,0,0,0,0,0,0,0,0,0,0,0
1028,Concord,0,0,0,0,0,0,0,0,0,0,0,29,27,29,28,28,28,30,30,0,35,31,30,29
1036,Concordia Wisconsin,0,0,0,0,0,0,0,0,0,0,0,0,0,0,0,0,0,0,0,0,0,0,0,0
10411,USC Upstate,0,0,0,0,0,0,0,0,2,30,30,30,32,30,34,30,30,30,30,23,30,31,32,30
1050,Defiance,0,0,0,0,0,0,0,0,0,0,0,0,0,0,0,0,0,0,0,0,0,0,0,0
1057,Drury,0,0,0,0,0,0,0,0,0,0,0,27,31,30,31,34,34,36,32,26,38,33,34,29
1059,D'Youville,0,0,0,0,0,0,0,0,0,0,0,0,0,0,0,0,0,0,0,0,0,0,27,26
106,Cal U (PA),0,0,0,0,0,0,0,0,0,0,27,31,27,36,31,34,31,32,30,0,31,32,32,28
1062,East Tex. Baptist,0,0,0,0,0,0,0,0,0,0,0,0,0,25,25,22,32,27,27,26,27,27,27,28
1064,Eastern Nazarene,0,0,0,0,0,0,0,0,0,0,0,0,0,0,0,0,0,0,0,0,0,0,0,0
1066,Edgewood,0,0,0,0,0,0,0,0,0,0,25,25,27,26,25,25,25,25,28,16,26,27,27,26
1068,Elon,0,0,0,0,0,0,0,0,0,33,30,33,31,32,31,34,33,30,30,15,29,30,32,30
1071,Emporia St.,0,0,0,0,0,0,0,0,0,0,0,29,34,34,34,34,28,31,31,25,29,29,30,29
1072,Erskine,0,0,0,0,0,0,0,0,0,0,22,28,27,30,30,29,28,28,27,16,26,26,26,26
1076,Fairmont St.,0,0,0,0,0,0,0,0,0,0,0,0,0,30,31,31,30,29,29,17,28,32,33,32
1079,Findlay,0,0,0,0,0,0,0,0,0,0,0,0,0,0,0,0,0,0,0,0,0,0,29,30
1083,Fort Lewis,0,0,0,0,0,0,0,0,0,0,0,0,27,27,30,28,29,28,27,14,27,28,28,28
1085,Francis Marion,0,0,0,0,0,0,0,0,0,0,0,0,0,0,0,0,0,0,0,0,31,27,28,30
10870,Shepherd,0,0,0,0,0,0,0,0,0,0,0,0,27,32,29,32,30,29,30,2,33,27,27,28
1092,Gardner-Webb,0,0,0,0,0,0,0,0,0,0,0,0,0,0,0,31,32,31,29,24,31,34,30,29
1094,George Fox,0,0,0,0,0,0,0,0,0,0,0,0,0,0,0,0,0,0,0,0,26,25,23,27
1096,Georgia College,0,0,0,0,0,0,0,0,0,0,0,0,0,0,0,0,0,0,0,0,0,0,29,30
10972,Chatham,0,0,0,0,0,0,0,0,0,0,0,25,25,25,27,26,25,26,26,9,25,27,28,27
1098,Glenville St.,0,0,0,0,0,0,0,0,0,0,0,0,0,0,0,30,33,33,31,16,36,36,29,31
11,Alas. Anchorage,0,0,0,0,0,0,0,0,0,0,0,0,0,0,0,0,30,31,33,3,27,28,28,33
11036,Sage Colleges,0,0,0,0,0,0,0,0,0,0,0,0,0,0,0,0,0,0,0,0,0,0,0,0
1111,Greenville,0,0,0,0,0,0,0,0,0,0,0,0,0,0,0,0,0,0,0,0,0,0,0,0
1112,Guilford,0,0,0,0,0,0,0,0,0,0,0,0,0,0,0,0,0,0,0,0,0,26,25,26
1115,Hanover,0,0,0,0,0,0,0,0,0,27,26,29,27,0,25,26,27,27,26,13,23,25,26,27
1116,Harding,0,0,0,0,27,29,28,30,29,27,29,28,32,30,27,35,33,30,29,10,29,32,32,32
112,UC San Diego,0,0,0,0,0,0,0,0,0,31,33,33,27,28,31,30,33,31,30,15,27,30,31,36
1123,Henderson St.,0,0,0,0,0,0,0,0,0,0,0,27,27,27,29,28,30,29,30,10,30,29,32,28
1124,Hendrix,0,0,0,0,0,0,0,0,0,0,0,0,0,27,24,29,27,26,26,12,24,25,26,26
1126,Holy Family,0,0,0,0,0,0,0,0,0,29,34,31,28,32,31,27,28,27,29,0,27,30,30,33
11276,S.C. Aiken,0,0,0,0,28,29,28,34,28,33,31,30,29,30,28,29,28,29,29,7,26,30,28,28
113,UC Santa Cruz,0,0,0,0,0,0,0,0,0,0,0,0,0,0,0,0,0,0,0,0,20,24,25,25
1130,Huntingdon,0,0,0,0,0,0,0,0,0,0,0,0,0,0,0,0,0,0,0,0,0,0,0,0
1133,Husson,0,0,0,0,0,0,0,0,0,0,0,0,0,0,0,0,0,0,0,0,0,0,27,27
114,Calvin,0,0,0,0,0,0,0,0,0,0,0,0,0,0,0,0,0,0,0,0,0,0,26,29
11403,Colo. Christian,0,0,0,0,0,0,0,0,0,0,0,29,28,33,33,27,27,28,28,18,27,28,29,28
11416,Colorado Mesa,0,0,0,0,0,0,0,0,0,0,27,33,32,29,27,28,29,31,31,22,30,29,32,31
11504,Queens (NC),0,0,0,0,0,0,0,0,0,0,26,27,26,27,27,28,26,26,28,20,25,29,29,29
11538,Fontbonne,0,0,0,0,0,0,0,0,0,0,0,0,0,0,0,0,0,0,0,0,0,0,0,0
1156,Neb.-Kearney,0,0,0,0,0,0,0,0,0,0,27,25,27,29,30,28,28,29,32,27,32,33,30,29
1159,Keuka,0,0,0,0,0,0,0,0,0,0,0,0,0,0,0,0,0,0,0,0,0,0,24,25
1162,LaGrange,0,0,0,0,0,0,0,0,0,25,28,26,27,27,27,27,26,26,26,12,25,26,25,27
1164,Lakeland,0,0,0,0,0,0,0,0,0,0,0,0,25,26,26,28,27,26,25,11,26,26,25,26
1167,Lander,0,0,0,0,0,0,0,0,0,0,0,0,0,0,0,0,0,0,0,0,29,27,30,27
117,Capital,0,0,0,0,0,0,0,0,0,0,0,25,28,28,27,27,27,26,26,11,25,25,27,27
1170,Lenoir-Rhyne,0,0,0,0,0,0,0,0,0,0,0,0,0,28,27,29,29,30,29,20,26,32,31,28
1174,Limestone,0,0,0,0,0,0,0,28,28,28,32,31,33,36,31,32,29,28,31,16,28,29,28,29
11740,West Florida,0,0,0,0,0,0,0,0,0,0,0,0,0,0,0,0,0,0,0,0,0,29,29,31
1179,Linfield,0,0,0,0,0,0,0,0,0,0,0,0,0,0,0,0,25,26,25,12,24,25,25,26
118,Carleton,0,0,0,0,0,0,0,0,0,0,0,0,0,0,0,0,0,0,25,0,27,24,0,25
11839,Pitt.-Greensburg,0,0,0,0,0,0,0,0,0,0,26,26,26,28,26,25,25,25,27,2,26,27,26,25
119,Carnegie Mellon,0,0,0,0,0,0,0,0,0,0,0,0,0,0,0,0,0,0,0,0,0,0,0,0
1196,Marian (WI),0,0,0,0,0,0,0,0,0,0,0,0,0,0,0,0,0,0,0,0,0,0,35,35
1199,Mars Hill,0,0,0,0,0,0,0,0,0,0,0,0,0,0,0,0,0,0,0,0,0,0,0,0
12,Alas. Fairbanks,0,0,0,0,0,0,0,0,0,25,28,26,26,28,30,27,26,26,27,0,23,25,27,26
120,Carroll (WI),0,0,0,0,0,0,0,0,0,0,25,22,24,24,23,24,25,24,25,13,26,26,28,27
1203,Mary Hardin-Baylor,0,0,0,0,0,0,0,0,0,0,0,25,28,26,26,27,28,31,30,21,29,27,28,26
88,Cabrini,0,0,0,0,0,0,0,0,0,0,0,28,29,28,29,29,29,30,30,1,27,28,0,0
122,CWRU,0,0,0,0,0,0,0,0,0,0,0,0,0,0,0,0,0,0,0,0,0,0,25,25
15,Albion,0,0,0,0,0,0,0,0,0,0,25,25,23,0,0,0,0,0,0,0,26,27,27,27
1238,Montevallo,0,0,0,0,0,0,0,0,0,0,0,0,0,0,0,0,0,0,0,0,29,29,27,28
19,Allegheny,0,0,0,0,0,0,0,0,0,0,1,27,26,0,0,0,0,0,0,0,25,26,26,29
1240,MSU Moorhead,0,0,0,0,0,0,0,0,0,0,27,27,27,0,0,0,0,0,0,0,23,27,29,30
1245,Mount Olive,0,0,0,0,0,0,0,0,0,0,0,30,29,0,0,0,0,0,0,0,22,30,27,25
125,Centenary (LA),0,0,0,0,0,0,0,0,26,25,0,25,25,0,0,0,0,0,0,0,23,25,0,0
1254,Neumann,0,0,0,0,0,0,0,0,0,0,0,1,26,0,0,0,0,0,0,0,26,27,28,26
1257,Newberry,0,0,0,0,0,0,0,0,0,0,0,0,27,0,0,0,0,0,0,0,28,28,28,28
1266,Northern St.,0,0,0,0,0,0,0,0,0,0,28,28,31,0,0,0,0,0,0,0,28,30,29,30
1267,Northland,0,0,0,0,0,0,0,0,0,0,0,4,4,24,22,24,25,22,23,3,21,22,22,21
1274,Northwest Nazarene,0,0,0,0,0,0,0,0,0,0,0,9,28,0,0,0,0,0,0,0,28,26,24,28
12799,Wheeling,0,0,0,0,0,0,0,0,0,0,27,27,28,28,33,32,29,28,30,18,28,29,29,29
12810,Northeastern St.,0,0,0,0,0,0,0,0,0,0,0,27,28,28,29,25,27,28,26,22,28,26,29,28
12830,Tusculum,0,0,0,0,0,0,0,0,0,0,0,0,0,0,0,0,0,0,0,0,0,0,0,0
12884,Centenary (NJ),0,0,0,0,0,0,0,0,0,0,0,0,0,0,0,0,0,0,0,0,0,0,26,26
1289,Ouachita Baptist,0,0,0,0,0,0,0,0,0,0,28,27,27,27,28,28,28,28,28,9,26,28,27,26
130,Central Mo.,0,0,0,0,0,0,0,0,0,29,29,30,31,30,29,31,33,32,31,28,30,30,29,32
13028,Anderson (SC),0,0,0,0,0,0,0,0,0,0,0,0,0,0,0,0,0,0,0,0,0,0,0,34
1305,Cairn,0,0,0,0,0,0,0,0,0,0,0,0,23,22,25,25,25,27,25,6,26,24,27,22
1314,Pittsburg St.,0,0,0,0,0,0,0,0,0,0,0,27,31,34,35,31,30,30,28,23,29,31,32,36
296,Benedictine (IL),0,0,0,0,0,0,0,0,0,0,26,22,26,28,26,26,27,25,28,7,27,25,26,27
1318,Post,0,0,0,0,0,0,0,0,0,0,26,27,26,29,28,27,25,28,28,0,27,31,27,29
132,Centre,0,0,0,0,0,0,0,0,0,3,30,25,28,24,26,26,25,27,27,11,26,28,28,29
1328,Rockhurst,0,0,0,0,0,0,0,0,0,0,26,26,27,26,28,28,26,26,28,20,28,28,27,26
13302,Lees-McRae,0,0,0,0,0,0,0,0,0,0,0,25,28,28,28,28,27,29,30,17,27,25,23,25
1334,St. Edward's,0,0,0,0,0,0,0,0,0,0,0,27,28,27,29,29,28,30,29,15,28,31,28,31
1340,St. Joseph's (L.I.),0,0,0,0,0,0,0,0,0,0,0,0,0,0,0,0,0,0,0,0,24,25,27,26
1343,Saint Martin's,0,0,0,0,0,0,0,0,0,0,0,28,29,26,27,28,28,28,27,13,27,26,25,29
1346,St. Mary's (TX),0,0,0,0,0,0,0,0,0,0,0,29,30,27,28,28,29,28,28,15,28,28,28,28
1348,St. Thomas Aquinas,0,0,0,0,0,0,0,0,0,0,0,0,0,0,0,0,0,0,0,0,0,0,0,0
1355,Schreiner,0,0,0,0,0,0,0,0,0,0,0,0,0,0,0,0,0,0,0,0,0,0,0,0
64,Blackburn,0,0,0,0,0,0,0,0,0,0,0,0,0,0,0,0,0,0,0,0,0,0,0,0
1371,Southeastern Okla.,0,0,0,0,0,0,0,0,0,0,0,27,27,30,29,27,28,27,29,21,29,27,28,31
1376,Southern Ark.,0,0,0,0,0,0,0,0,0,0,0,25,27,27,28,26,28,21,28,8,28,29,28,29
139,Chris. Newport,0,0,0,0,0,0,0,0,0,0,28,32,30,26,29,32,30,31,29,0,27,32,29,28
1390,Sul Ross St.,0,0,0,0,0,0,0,0,0,0,0,0,0,0,0,0,0,0,0,0,26,26,25,25
1395,Tarleton St.,0,0,0,0,0,0,0,0,0,0,0,29,31,0,0,0,0,0,0,0,29,29,31,34
78,Brockport,0,0,0,0,0,0,0,0,0,0,25,25,25,25,26,27,26,27,26,0,24,26,26,29
1403,Tiffin,0,0,0,0,0,0,0,0,0,0,0,0,0,0,0,0,0,0,0,0,0,0,0,28
1454,Whitworth,0,0,0,0,0,0,0,0,0,0,0,0,0,26,26,25,25,25,25,8,25,25,25,25
1433,Wayne St. (NE),0,0,0,0,0,0,0,0,0,0,0,0,0,0,29,30,30,30,29,12,24,27,25,27
1434,Waynesburg,0,0,0,0,0,0,0,0,0,0,0,26,27,27,29,31,27,26,20,8,26,25,25,25
1438,West Liberty,0,0,0,0,0,0,0,0,0,0,29,29,31,33,33,29,29,31,29,11,30,29,29,29
1439,West Virginia St.,0,0,0,0,0,0,0,0,0,0,0,27,30,28,29,28,30,30,30,16,29,29,32,31
144,Clark Atlanta,0,0,0,0,0,0,0,0,0,0,0,25,0,25,27,27,28,26,26,0,25,27,27,32
1445,Western N.M.,0,0,0,0,0,0,0,0,0,0,0,0,0,0,0,0,0,0,0,0,0,0,27,26
1446,Western Ore.,0,0,0,0,0,0,0,0,0,0,0,0,0,0,0,0,0,0,0,0,26,26,23,26
1448,Western Wash.,0,0,0,0,0,0,0,0,0,0,0,0,0,0,0,0,28,30,31,6,31,28,31,29
145,Clark (MA),0,0,0,0,0,0,0,0,0,0,0,0,0,0,0,0,0,0,0,0,0,0,26,25
121,Carthage,0,0,0,0,0,0,0,0,0,0,31,29,30,26,25,25,26,27,25,14,25,26,25,26
123,Castleton,0,26,26,27,27,26,27,28,28,27,28,31,30,27,27,26,26,24,27,9,25,27,25,25
146,Clarkson,0,0,0,0,0,0,0,0,0,0,0,0,24,26,28,27,25,25,24,11,24,23,25,25
1461,Wilmington (OH),0,0,0,0,0,0,0,0,0,0,0,24,27,27,27,28,26,26,26,14,26,26,24,25
1462,Wingate,0,0,0,0,0,0,0,0,0,0,0,28,29,32,30,31,32,31,30,20,30,31,32,30
1467,Goucher,0,0,0,0,0,0,0,0,0,0,0,0,0,0,0,0,0,0,0,0,0,0,0,0
14795,Cedar Crest,0,0,0,0,0,0,0,0,0,0,25,25,25,25,24,23,24,25,25,0,21,19,22,20
124,Catholic,0,0,0,0,0,0,0,0,0,0,0,0,0,0,0,0,0,0,0,0,0,0,29,29
150,Coe,0,0,0,0,0,0,0,0,0,0,0,0,0,0,0,0,0,0,27,13,26,26,27,27
151,Colby,0,0,0,0,0,0,0,0,0,0,0,0,0,0,0,25,24,24,22,6,22,22,24,26
154,Colorado Col.,0,0,0,0,0,0,0,0,0,0,24,26,26,25,25,25,27,26,26,10,28,27,28,27
155,Colo. Sch. of Mines,0,0,0,0,0,0,0,0,0,0,0,0,0,0,28,32,29,29,29,20,31,31,30,28
156,Colorado St.,0,0,0,0,0,0,0,0,0,0,0,0,22,31,33,34,33,30,30,21,33,32,31,32
15882,Rosemont,0,0,0,0,0,0,0,0,0,0,0,0,0,0,0,0,0,0,0,0,22,21,25,25
159,Columbus St.,0,0,0,0,0,0,0,0,0,0,0,1,0,33,31,33,29,29,28,8,29,27,29,30
16,Albright,0,0,0,0,0,0,0,0,0,0,0,0,25,29,30,29,28,25,28,11,24,26,25,25
160,Concordia Chicago,0,0,0,0,0,0,0,0,0,0,11,0,5,26,25,26,26,25,25,11,23,25,25,25
16142,Misericordia,0,0,0,0,0,0,0,0,0,0,0,25,24,25,25,28,29,29,27,9,27,26,25,25
163,Connecticut Col.,0,0,0,0,0,0,0,0,0,0,0,23,25,25,24,25,24,24,24,5,21,23,23,24
166,Cornell College,0,0,0,0,0,0,0,0,0,23,25,27,24,25,25,25,26,23,25,4,21,24,25,25
17094,William Peace,0,0,0,0,0,0,0,0,0,0,0,0,0,0,25,26,23,27,28,12,24,14,25,25
174,Davis & Elkins,0,0,0,0,0,0,0,0,0,0,0,0,29,27,27,29,28,28,29,15,28,27,26,27
142,Claremont-M-S,0,0,0,0,0,0,0,0,0,0,0,0,0,0,0,0,0,0,0,0,0,0,0,25
179,Delaware Valley,0,0,0,0,0,0,0,0,0,0,0,11,27,27,27,25,25,25,25,9,22,26,25,25
18,Alfred,0,0,0,0,0,0,0,24,25,25,0,25,25,25,25,25,25,25,25,9,25,25,24,26
181,Delta St.,0,0,0,0,0,0,0,0,0,0,29,31,30,29,29,28,27,28,30,18,27,29,29,28
177,DePauw,0,0,0,0,0,0,0,0,0,0,0,0,0,0,0,0,0,0,0,0,0,27,30,27
183,Denver,29,30,29,28,28,31,30,31,31,31,31,31,32,31,30,30,30,32,30,23,30,30,30,30
185,Dickinson,0,0,0,0,0,0,0,0,0,0,0,0,0,0,0,0,0,0,0,0,0,0,27,27
186,Dist. Columbia,0,0,0,0,0,0,0,0,0,0,0,0,0,0,0,0,0,0,0,0,0,0,0,0
182,Denison,0,0,0,0,0,0,0,0,0,29,28,26,28,27,28,28,26,27,28,8,23,26,27,26
190,Drew,0,0,0,0,0,0,0,0,0,0,25,25,26,25,25,25,25,25,28,9,24,25,26,27
19117,Salem (WV),0,0,0,0,0,0,0,0,0,0,0,0,0,28,28,26,26,26,26,5,18,30,31,28
192,Dubuque,0,0,0,0,0,0,0,0,0,0,0,0,0,0,0,0,0,0,0,13,26,26,27,26
195,Earlham,0,0,0,0,0,0,0,0,10,25,25,25,25,25,25,25,26,25,26,7,21,23,23,24
196,East Carolina,0,0,0,0,0,0,0,0,0,0,31,32,31,33,32,30,31,31,30,22,29,33,33,32
197,East Stroudsburg,0,0,0,0,0,0,0,0,0,0,0,27,28,27,28,28,27,28,30,0,25,29,28,28
199,Tex. A&M-Commerce,0,0,0,0,0,0,0,0,0,0,26,27,27,28,29,29,30,31,31,18,32,33,31,29
20,DeSales,0,0,0,30,28,26,30,28,29,28,26,26,27,26,27,28,27,30,28,9,26,29,29,27
200,Eastern Conn. St.,0,0,0,0,0,0,0,0,0,0,24,26,27,30,29,29,26,28,28,0,27,28,27,26
20220,MSOE,0,0,0,0,0,0,0,0,0,0,0,0,0,0,0,0,0,0,0,0,0,0,26,27
203,East. Mennonite,0,0,0,0,0,0,0,0,0,0,0,0,0,0,0,0,0,0,0,0,0,0,26,25
205,Mont. St. Billings,0,0,0,0,0,0,0,27,27,28,30,27,33,28,32,28,37,26,30,8,29,33,35,33
206,Eastern N.M.,0,0,0,0,0,0,0,0,0,0,17,29,26,27,27,29,27,30,31,0,24,27,28,31
208,Eckerd,0,0,0,0,0,0,0,0,0,28,26,26,27,31,26,32,30,32,29,0,26,32,32,28
209,Edinboro,0,0,0,0,0,0,0,0,0,0,31,29,33,28,30,30,31,29,28,0,26,29,29,32
21,Alma,0,0,0,0,0,0,0,0,0,0,0,0,0,0,0,0,0,0,0,0,0,0,26,26
211,Elizabethtown,0,0,0,0,0,0,0,0,0,0,25,26,25,25,23,25,25,26,25,0,26,28,27,28
212,Elmhurst,0,0,0,0,0,0,0,0,0,0,25,25,26,26,26,26,26,26,25,13,25,24,26,25
213,Elmira,0,0,0,0,0,0,0,0,0,0,0,25,26,25,25,25,25,25,25,6,25,26,24,26
21323,Chestnut Hill,0,0,0,0,0,0,0,0,0,0,26,26,26,26,27,27,29,27,29,0,31,29,29,29
214,Emerson,0,0,0,0,0,0,0,0,0,0,0,0,0,0,0,0,0,0,0,0,0,0,25,26
215,Emmanuel (MA),0,0,0,0,0,0,0,0,0,0,0,0,0,0,0,0,0,0,0,0,0,0,0,27
216,Emory & Henry,0,0,0,0,0,0,0,0,0,0,0,0,0,0,0,0,0,0,0,0,0,0,0,0
217,Emory,0,0,0,0,0,0,0,0,0,0,0,0,0,0,0,0,0,0,0,0,0,0,0,25
218,Eureka,0,0,0,0,0,0,0,0,0,0,0,0,0,0,0,0,0,0,0,0,0,0,0,0
21830,Piedmont,0,0,0,0,0,0,0,0,0,0,0,24,26,26,28,27,29,29,28,19,27,28,25,28
21852,Stevenson,0,0,0,0,0,0,0,0,0,0,0,0,0,0,0,0,0,0,0,0,0,0,25,25
22,American International,0,0,0,0,0,0,29,34,29,29,28,27,27,32,32,29,28,30,29,9,26,0,0,0
221,FDU-Florham,0,0,0,0,0,0,0,0,0,0,26,28,33,31,28,29,29,25,25,9,22,20,24,25
224,Ferris St.,0,0,0,0,0,0,0,0,0,0,0,0,0,0,0,0,0,0,0,0,0,0,0,0
225,Ferrum,0,0,0,0,0,0,0,0,0,0,0,0,0,0,0,0,0,0,0,0,0,27,26,27
22626,JWU (Providence),0,0,0,0,0,0,0,0,0,0,0,0,0,0,0,0,0,0,0,0,0,0,25,26
227,Fitchburg St.,0,0,0,0,0,0,0,0,0,0,0,0,0,0,0,0,0,0,0,0,0,0,0,0
228,Florida A&M,0,0,0,0,0,0,0,0,0,0,0,0,0,0,0,0,0,0,27,0,28,29,30,29
23,American,0,0,0,0,0,0,0,0,31,31,31,29,32,33,31,31,33,33,30,11,32,31,30,30
230,Florida Tech,0,0,0,0,0,0,0,0,0,0,0,0,0,16,30,29,27,28,29,9,25,24,31,26
231,FIU,0,0,0,0,0,0,0,0,0,32,34,32,33,29,31,29,29,29,29,28,31,33,33,30
23121,Texas-Dallas,25,25,24,25,25,25,26,26,26,27,27,29,27,31,26,29,29,30,29,17,23,29,26,24
23157,Felician,0,0,0,0,0,0,0,0,0,0,0,0,0,0,0,0,0,0,0,0,0,0,26,29
233,Fla. Southern,0,0,0,0,0,0,0,4,5,31,31,27,27,27,32,30,29,33,30,8,30,29,29,27
235,Florida,0,0,0,0,0,0,0,0,0,0,0,0,0,30,31,31,30,31,30,26,32,34,32,35
23725,Medaille,0,0,0,0,0,0,0,0,0,0,29,26,26,26,25,27,26,25,24,2,25,24,0,0
239,Franklin & Marshall,0,0,0,0,0,0,0,0,0,0,0,0,0,0,0,0,0,0,0,0,0,0,25,25
241,Franklin Pierce,0,0,0,0,0,0,0,0,0,0,0,0,0,0,0,0,0,0,0,0,0,0,0,0
242,Fredonia,0,0,0,0,0,0,0,0,0,0,25,24,25,24,27,26,25,27,25,0,26,23,25,24
243,Frostburg St.,0,0,0,0,0,0,0,0,0,0,25,0,25,25,25,26,26,26,28,16,28,32,29,30
24317,Lesley,0,0,0,0,0,0,0,0,0,0,0,0,0,0,0,0,0,0,0,0,0,0,0,0
24400,Concordia (TX),0,0,0,0,0,0,0,0,0,0,0,26,26,25,26,26,27,25,26,10,26,25,24,25
246,Gannon,0,0,0,0,0,0,0,0,0,0,29,36,32,29,28,28,29,31,31,14,31,34,39,35
24639,Nova Southeastern,0,0,0,0,0,0,0,0,0,0,0,32,34,33,31,29,27,33,28,0,28,30,31,34
247,SUNY Geneseo,0,0,0,0,0,0,0,0,0,0,0,0,0,0,0,0,0,0,0,0,0,27,28,31
25,Angelo St.,0,0,0,0,0,0,0,0,0,0,0,26,27,27,31,32,30,32,28,14,28,33,32,30
25719,Penn St.-Altoona,0,0,0,0,0,0,0,0,0,0,0,0,0,0,0,0,0,0,0,0,0,0,0,0
258,Gettysburg,0,0,0,0,0,0,0,0,0,0,0,28,26,25,25,28,29,28,28,0,29,28,28,31
259,Rowan,0,0,0,0,0,0,0,0,0,0,0,0,0,0,0,0,0,0,0,0,26,29,26,26
261,Grambling,0,0,0,0,0,0,0,0,0,0,30,0,31,28,30,34,33,32,29,20,31,30,33,30
26107,Becker,0,0,0,0,0,0,0,0,0,0,0,0,0,0,0,0,0,0,0,0,0,0,0,0
26172,A&M-Corpus Christi,0,0,0,0,0,0,0,0,0,0,0,0,0,0,0,0,0,0,0,0,29,31,32,32
262,Grand Valley St.,0,0,0,0,0,0,0,0,0,0,0,0,0,28,36,30,33,33,31,20,34,34,34,38
264,Grinnell,0,0,0,0,0,0,0,0,0,0,23,23,23,23,24,23,22,24,25,0,22,23,24,27
265,Grove City,0,0,0,0,0,0,0,0,26,26,25,23,26,28,26,27,28,30,28,10,26,26,25,27
266,Gust. Adolphus,0,0,0,0,0,0,0,0,0,0,0,0,0,0,0,0,0,0,0,0,0,0,0,31
30084,Geneva,0,0,0,0,0,0,0,0,0,0,0,0,0,0,0,0,26,24,24,10,25,26,28,25
268,Hamline,0,0,0,0,0,0,0,0,0,0,25,26,25,25,25,25,25,25,26,6,26,27,25,27
2683,Belmont Abbey,0,0,0,0,0,0,0,0,2,4,28,27,31,30,29,28,28,31,30,27,27,28,31,31
2694,Franklin,0,0,0,0,0,0,0,0,0,0,0,0,0,0,0,0,0,0,0,0,0,0,27,26
2699,IUPUI,0,0,0,0,0,0,0,0,0,0,32,32,33,31,32,33,32,32,31,20,29,30,30,30
2707,Kansas City,0,0,0,0,0,0,0,0,0,0,0,0,0,0,0,0,0,0,31,22,32,32,42,33
271,Hardin-Simmons,0,0,0,0,0,0,0,0,0,0,0,0,0,0,0,0,0,0,0,0,0,0,30,27
2713,Oglethorpe,0,0,0,0,0,0,0,0,0,0,0,0,0,0,0,0,0,0,0,0,0,25,26,27
2720,Colorado St.-Pueblo,0,0,0,0,0,0,0,0,0,0,0,0,0,0,32,32,32,29,27,16,32,29,32,29
273,Hartwick,0,0,0,0,0,0,0,0,0,0,0,30,28,25,24,26,25,28,26,0,25,24,27,24
2741,Howard Payne,0,0,0,0,0,0,0,0,0,0,26,27,26,27,28,26,26,26,26,17,25,24,25,26
2746,Lake Erie,0,0,0,0,0,0,0,0,0,0,0,0,0,0,0,0,0,0,0,0,0,0,26,26
2751,Pacific (OR),0,0,0,0,0,0,0,0,0,0,0,0,0,25,25,25,24,25,26,0,27,27,26,25
2755,Southwest Baptist,0,0,0,0,0,0,0,0,0,0,0,8,29,27,29,29,29,28,28,19,30,28,28,26
2759,Western Colo.,0,0,0,0,0,0,0,0,0,0,31,26,26,26,24,26,28,27,27,20,27,27,27,29
278,Heidelberg,0,0,0,0,0,0,26,25,26,25,25,25,25,27,27,26,25,25,25,13,25,25,25,25
27854,Minn.-Crookston,0,0,0,0,0,0,0,0,0,0,26,26,25,28,28,28,27,29,27,16,23,29,28,29
27892,Farmingdale St.,0,0,0,0,0,0,0,0,0,0,0,0,0,0,0,0,0,0,0,0,0,0,26,27
2798,Albertus Magnus,0,0,0,0,0,0,0,0,0,0,0,0,0,0,0,0,0,0,0,0,0,0,0,0
280,Hillsdale,0,0,0,0,0,0,0,0,0,0,0,0,0,0,0,0,0,0,0,0,0,0,0,31
267,Hamilton,0,0,0,0,0,0,0,0,0,0,0,23,24,24,24,22,24,22,24,0,22,23,25,24
2810,St. Thomas (TX),0,0,0,0,0,0,0,0,0,0,0,0,0,0,0,0,0,0,0,0,0,0,0,0
2814,Washburn,0,0,0,0,0,0,0,0,0,0,34,29,27,28,29,29,30,30,30,24,30,28,29,31
284,Hollins,0,0,0,0,0,0,0,0,0,25,25,26,26,26,25,26,26,25,26,0,20,24,24,24
28593,Birmingham-Southern,0,0,0,0,0,0,0,0,0,24,26,26,25,26,28,28,26,26,26,17,23,26,26,0
28594,USciences,0,0,0,0,0,0,0,0,0,0,0,0,0,0,0,0,0,0,0,0,0,0,0,0
281,Hiram,0,0,0,0,0,0,0,0,0,0,26,26,25,26,26,26,26,26,26,4,25,26,26,27
28749,Transylvania,0,0,0,0,0,4,3,5,25,28,27,27,29,28,25,28,27,30,28,20,28,33,32,28
291,Cal Poly Humboldt,0,0,0,0,0,0,0,0,0,0,0,0,0,0,0,0,0,0,0,0,0,26,26,28
292,Hunter,0,0,0,0,0,0,0,0,0,0,27,27,30,27,27,26,28,28,28,0,24,29,27,28
294,Idaho St.,0,0,0,0,0,0,0,0,0,30,32,31,31,30,33,33,32,31,31,26,31,30,30,31
286,Hope,0,0,0,0,0,0,0,0,0,0,0,0,0,0,0,0,0,0,0,0,0,0,30,26
297,Illinois Col.,0,0,0,0,0,0,0,0,0,0,0,23,23,24,23,23,24,25,25,12,21,26,26,25
3,Adelphi,0,0,0,0,0,0,0,0,0,0,26,28,31,32,30,32,30,28,30,0,24,26,29,30
30,Arkansas St.,0,0,0,0,0,0,0,0,0,0,0,0,0,0,0,0,0,0,30,21,28,32,30,32
300,Ill. Wesleyan,25,29,25,11,27,28,27,31,30,31,33,26,27,25,27,28,29,28,29,10,29,27,29,30
30002,Trevecca Nazarene,0,0,0,0,0,0,0,0,0,0,0,0,0,0,0,0,0,0,0,0,0,0,31,28
30013,Lee,0,0,0,0,0,0,0,0,0,0,0,0,31,31,30,31,32,32,30,23,33,33,32,32
30028,Texas-Tyler,0,0,0,0,0,0,0,0,0,0,0,0,0,0,32,27,26,24,26,14,28,35,36,30
30031,Northwestern-St. Paul,0,0,0,0,0,0,0,0,0,0,25,26,28,31,31,28,27,27,26,23,29,28,26,30
30035,Crown (MN),0,0,0,0,0,0,0,0,0,0,22,21,23,24,25,25,25,25,25,6,21,25,31,27
30036,Mount Aloysius,0,0,0,0,0,0,0,0,0,0,0,0,28,24,26,26,25,26,25,2,25,26,26,27
30037,Trine,0,0,0,0,0,0,0,0,0,0,0,0,0,0,0,0,0,0,0,0,0,0,0,0
30038,Bethany Lutheran,0,0,0,0,0,0,0,0,0,0,26,25,25,25,26,27,27,28,27,7,27,25,25,26
30039,North Central (MN),0,0,0,0,0,0,0,0,0,0,0,0,0,0,0,0,0,25,26,22,29,32,29,31
30042,Mitchell,0,0,0,0,0,0,0,0,0,0,0,0,0,0,0,0,0,0,0,0,0,0,0,0
30045,Palm Beach Atl.,0,0,0,0,0,0,27,31,24,28,26,25,26,26,26,26,26,26,27,11,27,26,29,29
30046,JWU (Denver),0,0,0,0,0,0,0,0,0,0,0,0,0,0,0,0,0,0,0,0,0,0,0,0
30047,Keystone,0,0,0,0,0,0,0,0,0,0,25,27,25,27,24,25,25,27,28,0,26,26,25,26
30050,Ill. Springfield,0,0,0,0,0,0,0,0,0,0,26,26,26,26,26,26,26,26,28,21,28,28,29,28
30052,North Georgia,0,0,0,0,0,0,0,0,0,28,26,30,30,30,29,29,34,35,31,20,33,30,29,34
30054,Newman,0,0,0,0,0,0,0,0,0,0,29,27,27,26,27,29,29,31,28,22,28,28,28,28
30055,Cal St. Monterey Bay,0,0,0,0,0,0,0,0,0,0,30,29,25,27,27,27,27,26,24,0,19,27,27,28
30063,Seton Hill,0,0,0,0,0,0,0,0,0,0,0,32,27,29,29,29,30,30,29,0,32,32,29,31
30064,Saint Vincent,0,0,0,0,0,0,0,0,0,0,0,0,29,27,28,28,29,27,26,10,22,27,25,26
30065,NVU-Lyndon,0,0,0,0,0,0,0,0,0,0,0,0,0,0,0,0,0,0,0,0,0,0,25,25
30067,SUNY Morrisville,0,0,0,0,0,0,0,0,0,0,25,25,25,28,27,28,26,26,28,0,27,28,26,25
30069,Franciscan,0,0,0,0,0,0,0,16,0,22,24,25,23,25,24,24,23,24,25,10,24,24,25,25
30073,William Smith,27,24,26,28,28,28,29,25,24,27,25,27,26,24,24,26,26,26,26,0,25,25,25,25
30081,Penn St. Harrisburg,0,0,0,0,0,0,0,0,0,0,0,0,0,0,0,0,0,0,0,0,0,0,0,0
442,Montclair St.,25,25,28,27,28,28,30,26,26,27,27,30,31,33,29,29,29,26,28,10,24,25,25,29
30085,Lancaster Bible,0,0,0,0,0,0,0,0,0,0,0,29,30,30,29,29,26,25,26,11,25,24,25,25
30088,Tex. Permian Basin,0,0,0,0,0,0,0,0,0,0,0,1,0,28,29,27,28,27,28,18,28,28,31,29
30092,Flagler,0,0,0,27,29,29,30,29,27,26,26,28,27,26,27,26,27,29,26,14,29,28,29,28
30093,AUM,0,0,0,0,0,0,0,0,0,0,0,0,0,0,0,26,28,28,28,15,25,28,30,28
30095,Utah Tech,0,0,0,0,0,0,0,0,0,0,0,0,0,0,0,0,0,0,0,0,0,31,32,31
30105,Ark.-Fort Smith,0,0,0,0,0,0,0,0,0,0,0,26,26,29,29,29,31,28,29,9,25,28,29,29
30111,Covenant,0,0,0,0,0,0,0,1,3,12,19,24,25,0,25,25,26,26,26,23,22,26,24,24
443,Moravian,0,0,0,0,0,0,0,0,0,0,0,0,0,0,0,0,0,0,0,0,0,0,0,0
30119,Ohio Dominican,0,0,0,0,0,0,0,0,0,0,0,0,0,0,0,0,0,0,0,0,0,0,28,28
30120,William Jewell,0,0,0,0,0,0,0,0,0,0,8,28,27,27,29,27,26,27,28,23,26,30,28,26
30123,Academy of Art,0,0,0,0,0,0,0,0,0,0,0,32,31,29,33,28,28,25,26,7,29,25,26,28
30124,Cedarville,0,0,0,0,0,0,0,0,0,0,0,30,28,31,30,30,30,30,29,25,29,26,27,29
30125,Minot St.,0,0,0,0,0,0,0,0,0,0,26,27,28,29,29,29,27,29,27,14,26,28,32,30
30126,Notre Dame (OH),0,0,0,0,0,0,0,0,0,0,28,26,27,32,30,28,32,29,31,18,29,29,30,0
30127,Simon Fraser,0,0,0,0,0,0,0,0,0,0,0,31,30,28,27,34,29,28,31,0,26,23,31,27
30128,Sioux Falls,0,0,0,0,0,0,0,0,0,0,0,0,0,0,0,30,29,31,32,14,28,28,27,31
30134,Black Hills St.,0,0,0,0,0,0,0,0,0,32,23,26,29,27,29,26,32,27,28,23,28,31,27,29
30136,Lindenwood (MO),0,0,0,0,0,0,0,0,0,0,27,25,27,27,29,30,33,29,28,20,27,26,28,33
30138,McKendree,0,0,0,0,0,0,0,0,0,0,30,26,23,26,29,28,26,28,28,21,26,28,29,26
30139,South Dakota Mines,0,0,0,32,29,31,29,29,30,29,25,25,26,24,24,28,29,26,27,19,28,28,28,27
30140,Ursuline,0,0,0,0,0,0,0,0,0,0,0,0,0,29,28,31,29,28,28,21,26,29,28,28
30141,Walsh,0,0,0,0,0,0,0,0,0,0,0,0,0,0,0,0,0,0,0,0,0,0,27,28
30147,Fresno Pacific,0,0,0,0,0,0,0,0,0,0,0,25,26,25,25,28,28,29,30,12,24,27,30,28
30149,Point Loma,0,0,0,0,0,0,0,0,0,0,0,0,28,32,29,30,30,30,29,14,29,30,31,31
30151,Shorter,0,0,0,0,0,0,0,0,0,0,0,0,26,30,28,26,26,27,26,20,22,27,28,28
30152,Southern Nazarene,0,0,0,0,0,0,0,0,0,0,34,31,26,26,25,27,26,30,27,20,30,32,33,31
30153,Union (TN),0,0,0,0,0,0,0,0,0,0,0,31,31,32,32,29,36,31,31,25,31,31,33,36
30154,Young Harris,0,0,0,0,0,0,0,0,0,24,26,26,26,26,26,26,29,28,29,12,27,29,30,31
30160,Houghton,0,0,0,0,0,0,0,0,0,0,0,26,25,25,25,25,26,25,25,3,25,29,28,29
30163,Sarah Lawrence,0,0,0,0,0,0,0,0,0,0,0,0,0,0,0,0,23,25,25,4,23,23,25,25
30164,Southern Va.,0,0,0,0,0,0,0,0,0,0,0,0,0,0,0,0,0,0,0,0,0,0,29,29
30165,SUNY Canton,0,0,0,0,0,0,0,0,0,0,22,21,24,22,24,25,26,26,25,4,25,26,27,27
30171,Berea,0,0,0,0,0,0,0,0,0,0,0,0,0,26,27,29,27,28,29,0,28,29,28,26
30174,Daemen,0,0,0,0,0,0,0,0,0,0,31,33,26,29,26,26,29,28,28,17,27,25,31,30
30175,Holy Names,0,0,0,0,0,0,0,0,0,0,0,0,0,0,28,26,28,28,26,0,26,27,0,0
30177,Lubbock Christian,0,0,0,0,0,0,0,0,0,0,0,0,0,28,35,30,33,37,31,23,35,35,31,37
30178,Northwestern Okla.,0,0,0,0,0,0,0,0,0,0,0,0,0,0,28,28,28,30,28,20,29,26,31,30
30180,Rogers St.,0,0,0,0,0,0,31,32,32,33,34,34,26,26,26,28,27,28,28,22,28,28,28,28
30181,UVa-Wise,0,0,0,0,0,0,0,0,0,0,0,0,28,30,28,32,27,29,28,20,28,29,29,28
30188,Bryn Athyn,0,0,0,0,0,0,0,0,0,0,0,0,22,25,26,26,25,24,25,4,23,24,25,28
30190,Penn College,0,0,0,0,0,0,0,0,0,0,0,0,25,25,22,25,24,25,24,0,23,26,26,0
30192,Southern Wesleyan,0,0,0,0,0,0,0,0,0,2,4,3,33,31,28,25,25,28,27,17,28,29,29,28
30197,Belhaven,0,0,0,0,0,0,0,0,0,0,0,0,0,0,0,0,0,0,0,0,0,0,26,27
30198,Cal St. San Marcos,0,0,0,0,0,0,0,0,0,0,33,32,33,32,25,25,26,28,30,0,26,31,34,28
30199,Concordia (CA),0,0,0,0,0,0,0,0,0,0,0,0,0,0,0,0,0,0,0,0,27,28,27,27
30200,Concordia Portland,0,0,0,0,0,0,0,0,0,0,0,0,0,0,0,0,0,0,0,0,0,0,0,0
30202,Okla. Baptist,0,0,0,0,0,0,0,0,0,0,0,0,0,0,31,26,29,28,28,21,28,30,29,29
30209,Westminster (UT),0,0,0,0,0,0,33,34,34,35,32,33,29,29,26,26,26,30,31,19,26,30,28,27
30219,Dean,0,0,0,0,0,0,0,0,0,0,0,0,0,0,30,30,25,26,25,0,19,23,24,25
30220,Biola,0,0,0,0,0,0,0,0,0,0,33,33,31,33,31,31,26,28,30,13,29,28,29,29
30221,Davenport,0,0,0,0,0,0,34,34,34,38,35,37,36,33,34,35,28,27,28,20,28,28,28,28
30222,Purdue Northwest,0,0,0,0,0,0,0,0,0,0,0,0,0,0,0,0,0,26,28,19,26,29,29,28
30225,SUNY Delhi,0,0,0,0,0,0,0,0,0,0,0,0,0,0,0,0,0,0,0,0,0,0,0,0
307,Indiana (PA),0,0,0,0,0,0,0,0,0,0,30,32,28,29,30,31,34,34,31,0,30,28,29,31
309,UIndy,0,0,0,0,0,0,0,0,0,0,30,29,32,28,30,30,28,28,29,22,27,30,28,28
313,Ithaca,0,0,0,0,0,0,0,0,0,0,0,30,33,29,27,29,29,31,29,0,29,29,27,27
314,Jackson St.,0,0,0,0,0,0,0,0,0,0,0,0,0,0,0,0,0,32,29,23,30,31,33,31
315,Jacksonville St.,0,0,0,0,0,0,0,0,0,0,29,27,32,29,27,28,31,30,30,24,32,30,29,30
317,James Madison,0,0,0,0,31,32,34,34,33,34,37,36,35,33,33,35,34,35,29,24,29,34,35,35
320,John Carroll,0,0,0,0,0,0,0,0,0,0,25,27,27,27,26,25,26,28,28,15,28,26,26,26
321,John Jay,0,0,0,0,0,0,0,0,0,27,25,26,25,25,26,27,25,26,27,0,25,28,27,27
322,Johns Hopkins,27,28,28,26,30,0,23,27,25,28,29,27,26,25,25,25,27,28,26,0,27,28,30,29
323,Johnson C. Smith,0,0,0,0,0,0,0,0,0,0,0,0,0,0,0,0,0,0,0,0,24,26,26,27
325,Juniata,0,0,0,0,0,0,0,0,0,0,0,0,0,0,0,0,0,0,0,0,0,0,0,0
326,Kalamazoo,0,0,0,0,0,0,0,0,0,0,0,0,0,0,0,0,0,0,0,0,0,0,0,25
330,Keene St.,0,0,0,0,0,0,0,16,14,26,29,26,26,29,29,29,26,25,26,10,24,23,25,27
332,Kentucky St.,0,0,0,0,0,0,0,0,0,0,27,23,27,28,24,26,28,30,26,9,23,27,28,27
333,Ky. Wesleyan,0,0,0,0,0,0,0,0,0,0,30,29,29,29,27,27,27,32,31,24,29,30,28,26
335,Kenyon,0,0,0,0,0,0,0,0,27,27,27,28,26,25,27,27,27,26,26,0,26,26,26,24
336,King's (PA),0,0,0,0,0,0,0,0,0,0,30,27,25,25,25,24,26,26,27,0,26,25,25,25
337,Knox,0,0,0,0,0,0,0,0,0,0,23,23,23,23,23,23,25,25,26,3,24,28,27,25
339,Kutztown,0,0,0,0,0,0,0,0,0,0,28,28,28,28,26,31,30,31,29,0,33,30,30,34
341,La Verne,0,0,0,0,0,0,0,0,0,0,0,0,0,0,0,0,0,0,0,0,0,0,24,24
344,Lake Forest,0,0,0,0,0,0,0,0,0,0,0,0,0,0,0,0,0,0,0,0,0,0,25,25
345,Lake Superior St.,0,0,0,0,0,0,0,0,0,0,0,0,0,0,0,0,0,0,0,0,0,0,0,28
348,Lawrence,0,0,0,0,0,0,0,0,0,0,14,13,20,20,23,21,25,24,25,0,22,25,26,26
349,Le Moyne,0,28,25,28,28,28,28,28,27,26,26,26,28,31,27,28,28,32,28,0,25,28,33,31
35,Ashland,0,0,0,0,0,0,0,0,0,29,34,38,27,34,33,37,37,32,30,25,32,37,33,36
351,Lebanon Valley,0,0,0,0,0,0,0,0,0,0,30,29,28,30,27,26,28,27,25,11,26,26,26,26
354,Lewis,0,0,0,0,0,0,0,0,0,0,28,30,29,34,31,32,32,32,31,22,31,32,32,30
358,West Alabama,0,0,0,0,0,0,0,0,0,0,1,29,27,26,26,29,29,29,26,18,28,29,28,26
36,Assumption,0,0,0,0,0,0,0,0,0,0,0,0,0,0,0,0,0,0,0,0,0,33,31,33
360,Lock Haven,0,0,0,0,0,0,0,0,0,0,25,26,26,27,27,26,26,29,28,0,28,28,33,29
364,Loras,0,0,0,0,0,0,0,0,0,0,0,0,28,26,26,27,27,28,29,13,27,29,27,25
365,LSU,0,0,0,0,0,0,0,0,0,0,0,0,0,0,0,0,0,0,30,22,0,30,38,39
366,Louisiana Tech,0,0,0,0,0,0,0,0,0,0,0,0,0,0,30,32,31,30,30,24,33,32,33,32
370,Loyola Marymount,0,0,0,0,0,0,0,0,0,0,0,0,0,0,0,0,3,33,31,26,30,30,30,30
372,Luther,0,0,0,0,0,0,0,0,0,0,0,0,0,0,0,0,0,0,25,11,27,27,26,27
373,Lycoming,0,0,0,0,0,25,24,23,0,24,24,25,25,25,26,26,25,27,26,6,25,25,25,25
374,Lynchburg,0,0,0,0,0,0,0,0,0,0,0,0,0,0,0,0,0,0,0,0,0,0,27,24
376,Macalester,0,0,0,0,0,0,0,0,0,0,25,25,25,25,25,25,25,25,25,4,26,25,25,25
377,MacMurray,0,0,0,0,0,0,0,0,0,0,0,0,0,0,0,25,24,25,25,0,0,0,26,29
379,Me.-Farmington,0,0,0,0,0,0,0,0,0,0,0,0,0,0,0,0,0,0,0,0,0,23,24,25
38,Augsburg,0,0,0,0,0,0,0,0,0,0,25,25,25,27,25,26,24,27,27,6,27,25,23,25
382,Manhattanville,0,0,0,0,25,26,25,29,27,26,24,24,25,25,26,25,25,25,26,0,27,25,27,25
383,Minnesota St.,0,0,28,27,28,28,32,34,28,26,29,32,29,31,27,27,30,27,29,16,28,31,37,33
384,Mansfield,0,0,0,0,0,0,0,0,0,0,26,26,26,26,26,26,29,26,28,0,26,26,28,27
385,Marietta,0,0,0,0,0,0,0,0,0,0,26,26,25,26,25,27,29,27,27,12,28,30,28,26
389,Mary Baldwin,0,0,0,0,0,0,0,0,0,0,0,0,0,0,0,0,0,0,0,0,0,0,25,0
39,Augusta,0,0,0,0,0,0,0,0,0,0,0,27,26,27,33,26,26,28,29,13,27,29,31,29
390,Mary Washington,0,0,0,0,0,0,0,0,0,0,0,0,0,0,0,0,0,0,0,0,0,0,0,27
394,Marymount (VA),0,0,0,0,0,0,0,0,0,0,0,0,0,0,0,0,0,0,0,0,0,0,28,24
395,Maryville (MO),0,0,0,0,0,0,0,0,0,0,31,29,31,29,25,27,24,28,28,22,27,28,30,31
397,Marywood,0,0,0,0,0,0,0,0,0,0,0,0,26,27,28,27,28,27,25,0,23,25,24,27
398,MIT,0,0,0,0,0,0,0,0,0,0,24,24,26,26,26,26,28,29,27,0,22,27,27,28
40,Augustana (IL),0,0,0,0,0,0,0,0,0,0,0,0,25,25,25,26,25,26,27,10,25,28,27,25
407,Mercy,0,0,0,0,0,0,0,0,0,0,0,26,26,28,28,26,28,28,27,9,27,27,30,28
408,Mercyhurst,0,0,0,0,0,0,0,0,0,0,0,27,26,28,28,31,28,28,28,17,28,28,29,27
409,Meredith,0,0,0,0,0,0,0,0,0,0,0,0,0,0,0,0,0,0,0,0,0,0,26,25
41,Augustana (SD),0,0,0,0,0,0,0,0,0,0,31,35,28,31,32,31,33,33,28,17,24,31,27,28
411,Messiah,0,0,0,0,0,0,0,0,0,0,0,0,29,26,27,28,30,30,29,11,27,29,29,28
413,MSU Denver,0,0,0,0,0,0,0,0,0,0,31,31,27,26,28,30,32,29,29,18,31,30,27,28
417,Michigan Tech,0,0,0,0,0,0,0,0,0,0,0,0,0,0,0,0,0,0,0,0,0,0,0,29
42,Aurora,0,0,0,0,0,0,0,0,0,0,25,25,26,26,28,25,26,25,26,8,24,26,27,25
420,Middlebury,0,0,0,0,0,0,0,0,0,0,0,0,0,0,0,0,0,0,0,0,23,26,26,25
422,Miles,0,0,0,0,0,0,0,0,0,0,0,25,24,25,29,24,30,26,28,11,26,29,30,29
423,Millersville,0,0,0,0,0,0,0,0,0,0,27,29,27,27,28,29,30,28,27,0,27,30,30,29
424,Millikin,0,0,0,0,0,0,0,0,0,0,26,24,25,25,25,25,25,25,26,14,30,29,29,27
426,Millsaps,0,0,0,0,0,0,0,0,0,0,0,0,0,0,28,24,26,27,27,14,24,27,29,27
427,Minn. Duluth,0,0,0,0,0,0,0,0,0,0,0,0,27,27,26,28,27,30,32,16,29,36,29,28
429,Mississippi College,0,0,0,0,0,0,0,0,0,0,26,25,25,26,25,26,26,26,27,12,28,27,28,29
432,Mississippi Valley State,0,0,0,0,0,0,0,0,0,0,0,32,30,30,29,30,30,30,29,20,27,25,31,31
435,Missouri S&T,0,0,0,26,28,28,31,29,28,28,27,28,27,26,25,26,26,25,27,21,27,29,30,27
436,Missouri-St. Louis,0,0,0,0,0,0,0,0,0,0,0,27,29,28,27,28,27,27,29,20,29,26,29,28
438,Monmouth (IL),0,0,0,0,0,0,0,0,0,0,26,25,25,23,23,23,25,27,28,0,24,25,25,25
44,Averett,0,0,0,0,0,0,0,0,0,0,26,26,25,26,26,27,27,27,27,12,25,25,26,25
1315,Pitt.-Bradford,0,0,0,0,0,0,0,0,0,0,0,0,0,0,0,0,0,0,0,0,0,0,0,0
30114,Penn St.-Abington,0,0,0,0,0,0,0,0,0,0,24,25,21,28,25,26,26,26,23,0,24,24,28,26
446,Morgan St.,0,0,0,0,0,0,0,0,0,0,1,30,30,30,29,29,31,31,30,16,26,29,30,30
449,Mount Holyoke,0,0,0,0,0,0,0,0,0,0,0,0,0,0,0,0,0,0,0,0,0,0,0,0
45,Babson,0,0,0,0,0,0,0,0,0,0,0,0,0,0,0,0,0,0,0,0,0,0,28,26
451,CMSV,0,0,0,0,0,0,0,0,0,0,24,25,28,28,26,27,23,23,25,0,24,24,29,27
452,Mount Union,0,0,0,0,0,0,0,0,0,30,30,27,27,0,28,27,26,26,26,14,24,25,26,25
453,Muhlenberg,0,0,0,0,0,0,0,0,0,0,0,26,26,29,28,28,26,26,25,0,25,26,25,25
455,Muskingum,0,0,0,0,0,0,0,0,0,0,0,0,0,0,0,0,0,0,0,0,0,0,0,0
46,Baldwin Wallace,0,0,0,0,0,0,0,0,0,0,0,0,0,0,0,0,0,0,0,0,0,0,0,30
460,UNCW,0,0,0,0,0,0,0,0,0,0,0,0,0,30,30,31,31,30,30,21,29,30,30,32
461,Nazareth,0,0,0,0,0,0,0,0,0,0,25,0,25,26,26,25,25,26,25,12,27,27,26,27
462,Neb. Wesleyan,0,0,0,0,0,0,0,0,0,0,0,0,25,25,25,26,25,26,24,9,24,24,21,25
465,UNLV,0,0,0,0,0,0,0,0,0,0,0,0,0,0,0,0,7,30,30,24,33,34,33,34
467,New England Col.,0,0,0,0,0,0,0,0,0,0,0,0,0,0,0,0,0,0,0,0,0,0,26,25
468,Southern N.H.,0,0,0,0,0,0,0,0,0,28,29,26,26,28,27,28,29,29,29,0,28,30,28,28
470,New Haven,0,0,0,0,0,0,30,29,29,26,26,27,28,32,28,26,26,30,27,0,26,27,27,28
479,NYU,0,0,0,0,0,0,0,0,0,0,0,0,26,27,27,27,29,27,27,0,27,28,31,31
480,CCNY,0,0,0,0,0,0,0,0,0,0,0,25,26,26,27,28,26,27,26,0,18,25,21,19
484,Nichols,25,26,25,26,28,28,29,30,24,24,26,25,26,25,26,25,25,25,25,10,27,26,26,25
486,MCLA,0,0,0,0,0,0,0,0,0,0,0,0,0,0,0,0,0,0,0,0,0,0,0,0
487,North Alabama,0,0,0,0,0,0,0,0,0,0,0,0,0,27,27,29,29,30,30,25,29,30,30,30
488,N.C. A&T,0,0,0,0,0,0,0,0,0,0,0,0,0,0,0,0,0,0,29,17,29,30,34,31
49,Barry,27,28,28,28,29,28,29,28,31,27,27,28,27,31,28,27,30,29,27,11,26,29,28,29
490,NC State,0,0,0,0,0,0,34,30,34,31,35,23,33,33,31,32,35,34,32,25,36,32,38,32
491,N.C. Wesleyan,0,0,0,0,0,0,0,0,0,0,0,0,0,0,0,0,0,0,0,0,0,0,28,25
494,North Dakota,0,0,0,0,0,0,0,0,0,0,0,0,0,0,0,0,0,31,30,21,30,32,30,31
496,North Park,0,0,0,0,0,0,0,0,0,0,0,0,0,0,0,0,0,0,0,0,25,25,25,25
499,Truman State,27,27,27,26,28,27,29,27,27,27,27,28,30,26,30,28,26,30,28,22,29,30,28,31
50,Bates,0,0,0,0,0,0,4,25,25,25,24,24,24,24,24,24,24,24,25,2,26,24,30,27
500,Northeastern,0,0,0,0,0,0,0,31,30,30,30,30,30,29,31,31,31,32,29,20,32,31,27,28
506,Northern Michigan,0,0,0,0,0,0,26,28,32,26,27,27,29,27,29,29,29,33,29,19,28,28,32,32
507,Northwest Missouri State,0,0,0,30,28,30,1,27,29,34,28,28,27,28,27,27,27,28,30,22,29,30,31,30
510,Northwood,0,0,0,0,0,0,0,0,0,0,0,0,0,0,0,0,0,0,0,0,0,0,0,0
511,Norwich,0,0,0,0,0,0,0,0,0,0,0,0,0,0,0,0,0,0,0,0,0,0,24,24
514,Oakland,0,0,0,0,0,0,0,0,0,0,0,0,0,0,0,0,0,30,30,24,30,30,29,31
515,Oberlin,0,0,0,0,0,0,0,0,0,0,26,26,26,26,26,27,29,26,26,0,25,28,26,26
516,Occidental,0,0,0,0,0,0,0,0,0,0,0,0,0,0,0,0,0,0,0,0,0,0,29,25
517,Ohio Northern,0,0,0,0,0,0,0,0,0,0,0,0,0,0,0,0,0,0,0,0,0,0,0,0
519,Ohio,0,0,0,0,0,0,0,0,0,0,0,0,0,0,0,0,0,0,0,0,30,29,30,29
525,Olivet,0,0,0,0,0,0,0,0,0,0,0,0,0,0,0,0,0,0,0,0,0,0,0,0
526,SUNY Oneonta,0,0,0,29,29,26,29,26,27,28,28,26,26,27,27,26,27,26,26,0,27,27,26,26
530,Oswego St.,0,0,0,0,0,0,0,0,0,26,26,27,25,25,25,25,25,25,24,0,24,25,26,27
531,Otterbein,0,0,0,0,0,0,0,0,0,0,0,0,25,25,26,26,27,27,26,13,25,27,25,27
532,Elms,0,0,0,0,0,0,0,0,0,0,0,0,0,0,0,0,0,0,0,0,0,0,0,0
533,Pace,30,27,28,30,29,33,28,29,30,33,29,27,26,28,28,29,29,28,29,0,32,30,30,29
537,UNC Pembroke,0,0,0,0,0,0,0,0,0,27,28,28,26,26,26,27,27,28,27,15,29,32,31,31
538,Penn St.-Behrend,0,0,0,0,0,0,0,0,0,0,0,0,0,0,0,0,0,0,0,0,0,0,0,0
54,Bemidji St.,0,0,0,0,0,0,0,0,0,0,0,0,0,0,0,0,0,0,0,0,0,0,26,26
541,Pepperdine,0,0,0,0,0,0,0,0,0,0,0,0,0,0,0,0,30,34,31,23,25,30,30,30
543,Jefferson,0,0,0,0,0,0,0,0,3,3,29,27,28,31,32,29,32,30,31,0,33,33,34,32
544,Pine Manor,0,0,0,0,0,0,0,0,0,0,0,0,0,0,0,0,0,0,0,0,0,0,0,0
546,Pitt.-Johnstown,0,0,0,0,0,0,0,0,0,0,0,0,27,26,28,28,27,29,29,0,30,30,28,27
547,Plattsburgh St.,0,0,0,0,0,0,0,0,0,0,0,27,29,26,25,25,25,25,25,0,25,25,24,26
549,Pomona-Pitzer,0,0,0,0,0,0,0,0,0,0,0,0,0,0,0,0,0,0,0,0,0,0,25,27
55,Benedict,0,0,0,0,0,0,0,0,0,0,28,31,30,30,32,30,27,27,30,14,31,27,28,27
552,SUNY Potsdam,0,0,0,0,0,0,0,0,0,25,25,25,25,25,25,24,25,24,24,0,24,24,24,25
553,Prairie View A&M,0,0,0,0,0,0,0,0,0,0,0,14,32,32,28,31,31,31,31,16,29,30,29,29
557,Puget Sound,0,0,0,0,0,0,0,0,0,26,26,25,26,29,27,29,25,25,26,11,25,26,29,26
56,Bentley,0,0,0,0,0,0,0,0,0,0,0,0,0,0,0,0,0,0,0,0,0,0,0,35
560,Queens (NY),0,0,0,0,0,0,0,0,0,0,0,0,0,30,30,32,27,26,26,0,25,29,27,26
561,Quincy,0,0,0,0,0,0,0,0,0,0,0,27,30,28,31,28,27,27,28,20,29,29,28,33
564,Ramapo,0,0,0,0,0,0,0,0,0,0,26,27,26,23,25,25,25,24,25,0,22,27,29,25
565,Randolph-Macon,0,0,0,0,0,0,0,0,0,0,0,0,0,0,0,0,0,0,0,0,0,0,26,31
566,Randolph,0,0,0,0,0,0,0,0,0,25,25,26,26,26,26,27,25,25,25,9,23,27,27,26
567,Redlands,0,0,0,0,0,0,0,0,0,0,0,0,0,0,0,0,0,0,0,0,0,0,25,26
568,Regis (CO),0,0,0,0,0,0,0,28,27,26,28,27,28,27,29,31,29,29,28,18,28,32,32,28
569,Regis (MA),0,0,0,0,0,0,0,0,0,0,0,0,0,0,0,0,0,0,0,0,0,0,0,0
571,Rhode Island College,0,0,0,0,0,0,0,0,0,0,0,0,0,0,0,0,26,27,27,11,29,32,30,26
573,Rhodes,0,0,0,0,0,0,0,0,0,0,26,25,29,29,26,26,27,29,27,13,26,29,26,25
577,Ripon,0,0,0,0,0,0,0,0,0,0,0,0,0,23,24,24,25,27,27,0,28,27,28,28
58,Baruch,0,0,0,0,0,0,0,0,0,0,29,29,29,30,25,24,22,23,25,0,21,26,29,26
581,Rochester (NY),0,0,30,27,28,28,28,28,31,27,25,27,25,25,29,27,29,25,25,6,25,25,25,25
582,Rockford,0,0,0,0,0,25,25,26,26,26,25,26,25,25,25,25,25,25,25,8,27,25,26,23
583,Roger Williams,0,0,7,26,25,26,26,10,14,10,10,28,29,27,27,27,29,26,27,0,28,29,27,27
584,Rollins,29,30,33,32,30,31,27,31,29,29,34,31,31,28,27,30,26,28,28,2,25,27,27,27
585,Rose-Hulman,25,25,26,26,25,26,26,24,24,26,27,26,26,27,27,28,28,27,25,8,21,5,26,26
589,Rutgers-Newark,0,0,0,0,0,0,0,0,0,0,0,29,25,29,25,28,25,29,25,7,23,25,25,25
59,Bethany (WV),0,0,0,0,0,0,0,0,0,0,0,0,0,0,0,0,0,0,0,0,0,0,0,0
591,Saginaw Valley,0,0,0,0,0,0,0,0,0,0,0,0,0,0,0,0,0,0,0,0,0,0,0,0
593,St. Anselm,0,0,0,0,0,0,0,0,0,27,28,26,27,26,28,29,29,32,28,0,28,27,29,28
595,Saint Benedict,0,0,0,0,0,0,0,30,27,27,25,27,25,25,26,27,27,26,25,9,26,27,26,27
597,St. Catherine,0,0,0,0,0,0,0,0,0,0,0,25,25,25,25,25,26,25,26,0,23,23,27,25
598,St. Cloud St.,0,0,0,0,0,0,0,0,0,0,0,28,27,28,27,27,27,29,30,14,29,27,40,29
6,Alabama A&M,0,0,0,0,0,0,0,0,0,0,28,29,30,30,30,27,29,30,30,17,29,29,31,32
60,Bethel (MN),0,0,0,0,0,0,0,0,0,0,0,25,27,28,26,27,26,27,28,8,27,26,26,29
601,St. John Fisher,0,0,0,0,0,0,0,0,0,0,26,0,26,29,27,26,27,27,28,12,29,29,29,27
607,St. Lawrence,0,0,0,0,0,0,0,0,0,0,0,0,27,27,26,24,26,25,27,9,27,25,26,26
608,Saint Leo,0,0,0,0,0,0,0,0,0,0,0,0,0,0,0,27,29,28,30,6,29,29,28,28
611,St. Mary's (MD),0,0,0,0,0,0,0,0,0,0,26,23,25,25,26,25,24,26,25,8,25,25,26,28
612,Saint Mary's (MN),0,0,0,0,0,0,0,0,0,0,27,27,28,27,27,25,27,26,25,5,26,25,25,25
613,Saint Michael's,0,0,0,0,0,0,0,0,0,0,0,0,0,0,0,0,0,0,0,0,0,0,29,27
614,St. Norbert,0,0,0,0,0,0,0,0,0,0,0,0,0,0,0,0,15,26,25,0,29,28,28,27
679,Stevens,0,0,0,0,0,0,0,0,0,0,28,27,27,27,30,26,28,26,25,3,26,28,26,28
618,St. Scholastica,0,0,0,0,0,0,24,26,26,25,26,28,26,26,25,24,26,24,25,9,25,24,24,25
615,St. Olaf,0,0,0,0,0,0,0,0,0,0,0,0,0,25,25,25,25,25,25,3,27,26,24,25
622,Salisbury,0,0,0,0,0,0,0,0,0,0,0,0,0,0,0,0,0,0,0,0,0,0,26,25
623,Salve Regina,0,0,0,0,0,0,0,0,0,0,0,29,27,26,26,26,25,26,25,1,25,26,26,26
628,San Fran. St.,0,0,0,0,0,0,0,0,0,0,28,27,28,25,27,27,25,28,25,0,25,28,27,27
633,Scranton,0,0,0,0,0,0,0,0,0,0,0,0,0,0,0,0,0,0,0,0,0,0,31,31
634,Seattle Pacific,0,0,0,0,0,0,0,0,0,0,0,0,25,29,27,30,31,29,33,14,30,28,29,31
637,Shenandoah,0,0,0,0,0,0,0,0,25,26,26,27,27,26,26,27,27,30,26,11,28,29,29,27
638,Shippensburg,0,0,0,0,0,0,0,0,0,0,27,28,27,30,28,31,28,28,30,0,29,32,28,27
639,Siena,0,0,0,0,0,0,0,0,0,0,0,0,0,0,0,0,0,30,31,13,29,32,30,31
712,TCNJ,0,0,0,0,0,0,0,0,0,0,0,0,0,0,0,0,0,0,0,0,0,0,27,27
641,Simpson,0,0,0,0,0,0,0,0,0,0,0,0,0,0,0,0,0,0,0,0,0,0,0,0
642,Skidmore,0,0,0,0,0,0,0,0,0,0,25,26,25,28,25,26,28,26,25,0,24,29,27,27
644,Smith,0,0,0,0,0,0,0,0,0,28,29,28,30,25,26,27,26,29,30,0,28,32,34,34
645,Sonoma St.,0,0,0,0,0,0,0,0,0,0,27,26,26,26,29,27,27,26,28,0,26,29,30,30
646,South Alabama,0,0,0,0,0,0,0,0,0,0,0,0,1,29,30,31,34,36,32,26,26,30,32,30
647,South Carolina St.,0,0,0,0,0,0,0,0,0,0,28,29,25,28,29,28,29,30,30,10,29,35,30,31
65,Bloomsburg,0,0,0,0,0,0,0,0,0,0,32,30,31,31,27,28,29,30,28,0,29,26,28,30
652,Sewanee,0,0,0,0,0,0,0,3,15,25,24,25,26,25,26,25,25,26,26,0,24,26,26,27
656,UMass Dartmouth,0,0,0,1,1,0,1,26,8,26,26,27,26,27,27,31,28,27,26,9,28,27,29,28
658,Southern Conn. St.,0,0,0,0,0,0,0,0,0,0,0,2,27,29,30,29,31,29,28,0,27,28,32,30
659,Southern Ill.,0,26,27,27,28,32,30,28,29,30,30,31,30,30,33,31,31,30,29,25,31,31,41,30
660,SIUE,27,28,28,30,27,29,28,29,29,30,30,31,30,31,31,31,32,29,29,25,31,31,31,29
661,Southern Ind.,36,29,30,28,30,28,27,27,31,27,26,27,28,32,27,29,31,29,27,16,29,29,32,35
662,Southern Me.,0,0,0,0,0,0,0,9,8,29,28,29,28,26,26,26,27,27,25,6,25,26,27,28
667,Southern Utah,0,0,0,0,0,0,0,0,0,0,0,0,0,0,30,30,30,31,31,20,30,33,30,30
669,Missouri St.,0,0,0,0,0,0,0,0,0,0,0,0,0,0,0,29,33,35,30,26,33,32,33,35
673,Springfield,0,0,0,0,0,0,0,0,0,0,0,0,0,0,0,0,0,0,0,0,29,27,28,26
675,Staten Island,0,0,0,0,0,0,0,29,25,25,23,28,29,29,28,29,27,27,25,0,26,30,28,30
1400,Texas Lutheran,0,0,0,0,0,0,0,0,0,0,0,0,0,0,0,0,0,0,0,0,0,0,0,0
682,Stonehill,0,0,0,0,0,0,0,0,0,0,0,0,0,0,0,0,0,0,0,0,0,0,0,33
684,Suffolk,0,0,0,0,0,0,0,0,0,0,0,0,0,0,0,0,0,0,0,0,0,0,0,0
685,Susquehanna,0,0,0,0,0,0,0,0,0,0,24,25,24,26,25,25,24,24,25,0,24,25,27,26
686,Swarthmore,0,0,0,0,0,0,0,0,0,0,23,30,24,25,25,25,25,25,26,0,25,25,26,25
689,Tampa,0,0,0,0,0,0,0,0,0,0,0,0,0,0,0,0,0,0,0,0,0,0,0,0
69,Bowdoin,0,0,0,0,0,0,0,0,0,0,29,25,27,30,29,26,31,33,29,0,25,25,31,30
691,Tennessee St.,0,0,0,0,0,0,0,0,0,0,0,0,0,0,30,26,27,29,28,22,31,29,30,31
693,Chattanooga,0,0,0,0,0,0,0,0,0,0,0,0,0,0,32,32,30,31,29,24,30,33,33,32
696,Tex. A&M-Kingsville,0,0,0,0,0,0,0,0,0,0,0,0,27,26,26,28,28,28,24,16,28,29,29,30
699,Texas Southern,0,0,0,0,0,0,0,0,0,0,31,32,33,29,30,33,31,29,30,15,26,29,29,33
70,Bowie St.,0,0,0,0,0,0,0,0,0,0,25,25,25,26,28,28,32,28,30,0,24,26,27,29
701,Texas Woman's,0,0,0,0,0,0,0,0,0,0,0,0,28,29,31,29,27,29,25,14,29,32,39,35
707,Thiel,0,0,0,0,0,0,0,0,0,0,0,0,26,26,25,25,25,28,25,9,22,25,25,25
137,Chicago,0,0,0,0,0,0,0,0,0,0,0,0,0,0,0,0,0,0,0,0,0,0,25,25
713,Trinity (CT),0,0,0,0,0,0,0,0,0,0,24,24,25,24,23,22,25,25,25,0,23,31,27,28
715,Trinity (TX),0,0,0,0,0,0,0,0,0,0,0,0,0,0,0,0,0,0,0,0,0,0,29,28
717,Tufts,0,0,0,0,0,0,0,0,0,0,0,0,0,0,0,0,0,0,0,0,0,31,24,26
719,Tulsa,0,0,0,0,0,0,0,0,0,0,0,0,0,0,31,31,28,0,30,19,27,30,35,31
720,Tuskegee,0,0,0,0,0,0,0,0,0,0,0,0,28,26,26,26,27,22,29,0,41,30,25,30
722,Coast Guard,0,0,0,0,0,0,0,0,0,0,0,0,0,0,0,0,0,0,0,0,0,0,26,26
727,Union (NY),0,0,0,0,0,0,0,0,0,23,25,24,25,26,25,24,24,25,24,0,26,25,27,26
728,Upper Iowa,0,0,0,0,0,0,0,0,0,0,26,30,27,27,29,27,30,31,29,16,27,28,28,27
73,Brandeis,0,0,0,0,0,0,0,0,0,0,0,0,0,0,0,0,0,0,0,0,0,0,25,25
730,Ursinus,0,0,0,0,0,0,0,0,0,0,0,0,0,0,0,0,0,0,0,0,0,0,27,26
731,Utah St.,0,0,0,0,0,0,0,0,0,33,0,32,31,31,31,32,30,32,31,24,30,30,30,31
734,Valdosta St.,0,0,0,0,0,0,0,0,0,0,30,27,27,29,28,32,32,31,29,22,32,29,33,29
737,Vassar,0,0,0,0,0,0,0,0,0,28,28,26,29,25,25,25,27,28,27,0,25,27,28,28
74,Bridgeport,0,0,0,0,0,0,0,0,0,0,0,0,0,0,0,0,0,0,0,0,0,0,0,0
745,Va. Wesleyan,0,0,0,0,0,0,0,0,0,26,28,27,27,29,26,25,28,25,26,12,25,25,25,24
746,Virginia,0,0,0,0,0,0,0,0,0,0,0,0,0,0,0,0,0,0,0,0,0,0,0,0
748,Wagner,0,0,0,0,0,0,0,0,0,0,0,28,30,29,29,29,29,30,30,19,29,28,28,29
75,Bridgewater (VA),0,0,0,0,0,0,0,0,0,0,0,0,0,0,0,0,0,0,0,0,0,0,26,26
750,Wartburg,0,0,0,0,0,0,0,0,0,0,0,0,2,6,2,22,32,31,29,16,27,30,32,29
751,Washington & Jefferson,0,0,0,0,0,0,0,0,0,0,0,0,30,29,30,26,28,29,28,9,28,27,26,29
753,Washington Col.,0,0,0,0,0,0,0,0,0,0,0,0,0,0,0,0,0,0,0,0,0,0,26,27
755,WashU,0,0,0,0,0,0,0,0,0,0,0,0,0,0,0,0,0,0,0,0,0,0,26,25
757,Wayne St. (MI),0,0,0,0,0,0,0,0,0,0,0,0,31,29,28,28,27,29,30,20,28,27,28,32
759,Webster,0,0,0,0,0,0,0,0,0,0,26,27,27,24,25,26,27,26,28,13,26,28,28,27
760,Wellesley,0,0,0,0,0,0,0,0,0,0,0,0,0,0,0,0,0,0,0,0,0,0,0,7
762,Wentworth,0,0,0,0,0,0,0,0,0,0,0,0,0,0,0,0,0,0,0,0,0,0,0,0
763,Wesley,0,0,0,0,0,0,0,0,0,0,0,0,0,0,0,0,0,0,0,0,0,0,0,0
764,Wesleyan (CT),0,0,0,0,0,0,2,3,7,10,23,22,24,23,22,22,24,24,25,0,25,24,22,24
767,West Texas A&M,0,0,0,0,0,0,0,0,0,0,29,9,35,33,33,34,34,33,33,21,37,32,31,32
770,Western Connecticut St.,0,0,0,0,0,0,0,0,0,0,27,27,26,26,25,27,26,25,25,0,26,24,25,25
772,Western Ky.,0,0,0,0,0,0,0,0,0,0,30,33,33,35,34,34,33,35,29,23,30,33,32,32
773,McDaniel,0,0,0,0,0,0,0,0,0,0,0,0,0,0,0,0,0,0,0,0,0,0,25,28
775,Western New Eng.,0,0,0,0,0,0,0,0,0,0,0,0,0,0,0,0,0,0,0,0,0,0,28,29
778,Wheaton (IL),0,0,0,0,0,0,0,0,0,0,26,28,25,27,28,29,28,28,28,12,27,26,25,27
779,Wheaton (MA),0,0,0,0,0,0,0,0,0,0,0,0,0,0,0,0,0,0,0,0,0,0,25,25
620,St. Thomas (MN),0,0,0,0,0,0,0,27,0,0,0,30,0,31,30,32,30,32,27,7,28,30,31,5
780,Whitman,0,0,0,0,0,0,0,0,0,0,0,26,33,26,25,31,27,27,29,11,29,28,26,29
783,Widener,0,0,0,0,0,0,0,0,0,0,0,0,0,25,25,25,25,28,27,11,26,27,29,27
784,Wilkes,0,0,0,0,0,0,0,0,0,0,25,24,25,24,25,25,25,25,25,10,23,25,25,25
785,Willamette,0,0,0,0,0,0,0,0,0,0,0,0,0,0,0,0,0,0,0,0,0,0,0,0
787,William Paterson,0,0,0,0,0,0,0,0,0,0,0,0,28,26,27,26,30,25,26,9,24,28,25,30
790,Winona St.,0,0,0,0,0,0,0,0,0,0,0,6,27,28,34,31,30,28,27,12,27,28,28,28
791,Winston-Salem,0,0,0,0,0,0,0,0,0,0,0,0,0,0,0,0,0,0,0,0,0,0,30,27
793,Wis.-Eau Claire,0,0,0,0,0,0,0,0,0,0,0,0,0,0,0,0,0,0,0,0,0,0,25,25
795,Wisconsin-La Crosse,0,0,0,0,0,0,0,0,0,0,0,25,25,25,25,27,28,28,27,9,26,25,27,29
798,Wis.-Oshkosh,0,0,0,0,0,0,0,0,0,0,0,0,0,0,0,0,0,0,0,0,0,0,0,6
799,Wisconsin-Parkside,0,0,0,0,0,0,0,0,0,0,30,31,26,30,27,27,30,27,30,21,29,29,28,28
80,Brown,0,0,0,0,0,0,0,0,0,28,28,28,28,28,28,30,27,30,27,0,26,26,1,27
800,Wis.-Platteville,0,0,0,0,0,0,0,0,0,0,0,0,0,0,0,0,0,0,0,0,0,0,0,0
801,Wisconsin-River Falls,0,0,0,0,0,0,0,0,0,0,28,25,25,25,29,26,26,25,25,8,25,25,26,26
802,Wisconsin-Stevens Point,33,27,33,27,0,0,0,0,0,0,29,1,27,27,29,26,26,26,26,9,22,25,25,27
803,Wisconsin-Stout,0,0,0,0,0,0,0,0,0,0,24,25,26,25,26,25,25,27,26,9,24,26,31,31
804,Wisconsin-Superior,0,0,0,0,0,0,0,0,0,25,26,27,28,27,28,28,28,27,27,10,25,24,27,28
805,Wisconsin-Whitewater,0,0,0,0,0,0,0,0,0,0,29,33,32,26,28,28,29,28,27,11,33,30,30,31
806,Wittenberg,0,0,0,0,0,0,0,0,0,0,0,0,0,0,0,0,0,0,0,0,0,0,0,0
807,Wooster,0,0,0,0,0,0,0,0,0,0,0,0,0,0,0,0,0,0,0,0,0,0,0,0
808,WPI,0,0,0,0,0,0,0,0,0,0,0,0,0,0,0,0,0,0,0,0,0,0,26,27
1451,Westminster (PA),0,0,0,0,0,0,0,0,0,0,0,0,0,0,25,27,26,27,28,11,28,27,24,25
810,Wright St.,0,0,0,0,0,28,32,31,30,33,34,30,35,34,35,34,34,34,31,27,23,32,33,32
813,Yale,0,0,0,0,0,0,0,0,28,29,28,0,28,27,31,27,32,29,27,0,27,27,27,27
815,York (PA),0,0,0,0,0,0,0,0,0,0,0,0,0,0,0,0,0,0,0,0,0,0,26,26
817,Youngstown St.,0,0,0,0,0,0,0,0,0,0,0,0,0,0,0,0,0,0,0,0,0,0,0,0
8398,Hilbert,0,0,0,0,0,0,0,0,0,0,0,0,25,23,25,26,28,28,27,0,26,27,24,25
84,Buena Vista,0,0,0,0,0,0,0,0,0,0,0,0,0,0,0,0,0,0,0,0,22,24,23,25
8404,Hood,0,0,0,0,0,0,0,0,0,24,24,25,25,25,25,25,25,25,25,0,26,25,25,25
8411,Ark.-Monticello,0,0,0,0,0,0,0,0,0,0,0,0,0,0,0,0,0,0,0,0,28,28,28,28
8490,LeTourneau,0,0,0,0,0,0,0,0,0,0,0,0,0,0,0,0,0,0,0,0,22,25,25,27
8530,McMurry,0,0,0,0,0,0,0,0,0,0,0,0,0,0,0,0,0,0,0,0,23,24,26,29
86,Buffalo,0,0,0,0,0,0,0,0,30,32,31,32,30,31,34,32,35,34,31,24,34,28,33,25
8688,St. Mary's (IN),0,0,0,0,0,0,0,0,0,0,0,0,0,0,0,0,0,0,0,0,0,0,0,0
8736,Southwest Minn. St.,0,0,0,0,0,0,0,0,0,0,0,0,0,0,0,0,0,0,0,0,26,30,31,33
8744,Southwestern Okla.,0,0,0,0,0,0,0,0,0,0,0,0,0,0,0,0,0,0,0,0,34,27,31,29
8746,Southwestern (TX),0,0,0,0,0,0,0,0,0,0,0,0,0,0,0,0,0,0,0,0,0,0,0,0
809,Worcester St.,0,0,0,0,0,0,0,0,0,0,0,0,0,0,0,0,0,0,0,0,0,0,0,0
8875,Chowan,0,0,0,0,0,0,0,0,0,0,0,26,28,27,29,25,28,28,27,15,28,29,23,25
89,Caltech,0,0,0,0,0,0,0,0,0,0,0,0,0,0,0,0,0,0,0,0,0,0,22,24
8911,Wis. Lutheran,0,0,0,0,0,0,0,0,0,0,0,0,0,0,0,0,0,0,0,0,0,0,28,29
8935,Converse,0,0,0,0,0,0,0,0,0,0,0,0,0,0,0,0,0,0,0,0,0,0,30,0
8965,East Central,0,0,0,0,0,0,0,0,0,0,0,0,0,0,0,0,0,0,0,0,27,0,26,0
8981,Endicott,0,0,0,0,0,0,0,0,0,0,0,0,0,0,0,0,0,0,0,0,0,0,0,0
9004,Georgian Court,0,0,0,0,0,0,0,0,0,0,0,0,0,0,0,4,26,29,26,11,26,24,25,28
9011,Fort Hays St.,0,0,0,0,0,0,0,0,0,0,29,29,29,34,31,30,33,34,30,26,34,32,33,33
9012,Mo. Southern St.,0,0,0,0,0,0,0,0,0,0,0,0,0,0,0,0,0,0,0,0,31,36,29,33
9013,Missouri Western,0,0,0,0,0,0,0,0,0,0,0,0,0,0,0,0,0,0,0,0,34,31,31,30
9081,Concordia-St. Paul,0,0,0,0,0,0,0,0,0,0,0,0,0,0,0,0,0,0,0,0,27,22,28,0
91,Cal Poly Pomona,0,0,0,0,0,0,0,0,0,0,28,27,33,30,28,28,29,31,29,0,23,29,30,31
92,Cal St. Dom. Hills,0,0,0,0,0,0,0,0,0,0,0,0,0,0,0,0,0,0,0,0,25,34,28,36
929,Adams St.,0,0,0,0,0,0,0,0,0,0,0,0,0,0,0,0,0,0,0,0,27,11,33,0
93,Cal St. San Bernardino,0,0,0,0,0,0,0,0,0,0,0,0,0,0,0,0,0,0,0,0,26,28,28,28
938,Alvernia,0,0,0,0,0,0,0,0,0,0,25,25,25,25,25,25,25,25,25,8,26,30,26,26
939,Anderson (IN),0,0,0,0,0,0,0,0,0,0,0,0,0,0,0,0,0,0,0,0,0,0,0,0
947,Arkansas Tech,0,0,0,0,0,0,0,0,0,0,0,0,0,30,31,30,30,31,28,16,29,27,27,26
95,Chico St.,0,0,0,0,0,0,0,0,0,0,0,29,29,26,26,27,28,25,29,0,25,29,31,32
953,Austin,0,0,0,0,0,0,0,0,0,0,0,0,0,0,0,0,0,0,0,0,0,0,0,0
962,Bard,0,0,0,0,0,0,0,0,0,0,0,25,25,25,25,25,25,25,25,0,23,23,23,25
9630,West Va. Wesleyan,0,0,0,0,0,0,0,0,0,0,0,0,0,0,0,0,0,0,0,0,25,25,27,28
966,Arcadia,0,0,0,0,0,0,0,0,0,0,0,0,0,0,0,0,0,0,0,0,24,27,27,26
9680,Embry-Riddle (FL),0,0,0,0,0,0,0,0,0,0,0,0,0,0,0,0,0,0,0,0,26,27,30,32
9684,St. Elizabeth,0,0,0,0,0,0,0,0,0,0,0,0,0,0,0,0,0,0,0,0,22,27,28,27
973,Berry,0,0,0,0,0,0,0,0,0,0,0,0,0,0,0,0,0,0,0,0,26,27,27,26
9754,UC-Colo. Springs,0,0,0,0,0,0,0,0,0,0,0,0,0,33,31,33,27,28,27,17,29,28,31,31
98,Cal St. East Bay,0,0,0,0,0,0,0,0,0,0,0,0,0,0,0,0,0,0,0,0,27,26,28,28
985,Bluefield St.,0,0,0,0,0,0,0,0,0,0,0,0,29,31,31,30,28,35,29,19,27,40,28,30
995,Caldwell,0,0,0,0,0,0,0,0,0,0,0,31,30,30,30,31,31,27,29,10,27,28,27,31
996,Cameron,0,0,0,0,0,0,0,0,0,0,26,26,27,27,26,27,29,28,29,19,28,29,28,26
30166,Valley Forge,0,0,0,0,0,0,0,0,0,0,0,0,0,0,0,0,0,0,0,0,21,23,24,24
505160,Talladega,0,0,0,0,0,0,0,0,0,0,0,0,0,0,0,0,0,0,0,0,0,0,0,17
30244,Edward Waters,0,0,0,0,0,0,0,0,0,0,0,0,0,0,0,0,0,0,0,0,0,0,27,25
542,Pfeiffer,0,0,0,0,0,0,0,0,1,5,26,32,26,27,27,27,25,22,25,10,25,23,24,24
