team_id,team,total,no_hs,vue_json_players,vue_json_hs,sidearm_hs_values,dl_hs_cells,dl_hs_nonempty,presto_combined,sidearm_hs_sample,error
10,UAH,14,14,0,0,0,0,0,0,[],
1004,Central Arkansas,14,6,0,0,5,0,0,0,"['Bartlesville HS', 'Cabot HS', 'Conway HS']",
1013,Charleston (WV),16,4,0,0,12,0,0,0,"['Bullis High School', 'Clarksville Christian School', 'East Bakersfield High School']",
104,UC Santa Barbara,13,1,0,0,11,0,0,0,"['Beaverton HS', 'Benson Tech HS', 'Bothell HS']",
1044,Dallas,14,1,0,0,12,0,0,0,"['Bishop Lynch HS', 'Byron P Steele II HS', 'Coppell HS']",
105,Cal Lutheran,24,4,0,0,20,0,0,0,"['Birmingham Community Charter HS', 'Bishop Blanchet HS', 'Cathedral Catholic HS']",
1071,Emporia St.,14,4,0,0,9,0,0,0,"['Ankeny Centennial HS', 'Burlingame HS', 'Cushing Academy']",
1072,Erskine,20,1,0,0,17,0,0,0,"['Ashley Ridge HS', 'Bessemer City HS', 'Blue Ridge HS']",
108,UC Davis,14,3,0,0,11,0,0,0,"['American Community School of Athens', 'Cardondelet', 'Copleston Basketball Academy']",
1083,Fort Lewis,16,2,0,0,14,0,0,0,"['Green River', 'Highland', 'IES do Castro']",
1085,Francis Marion,16,3,0,0,11,0,0,0,"['A.C. Flora HS', 'AC Flora HS', 'Ambassador Christian Academy']",
1097,Ga. Southwestern,12,2,0,0,10,0,0,0,"['Athens Drive', 'Baldwin County', 'Brunswick']",
1116,Harding,12,12,0,0,0,0,0,0,[],
11276,S.C. Aiken,12,12,0,0,0,0,0,0,[],
11504,Queens (NC),15,3,0,0,12,0,0,0,"['Bulloch Academy', 'Cleveland State University', 'Culpeper County High School']",
1157,Kennesaw State,14,1,0,0,0,0,0,0,[],
1167,Lander,18,1,0,0,15,0,0,0,"['Carrollton High School', 'Carvers Bay Early College & Career High School', 'Chapin HS']",
1176,Lincoln Memorial,13,12,0,0,1,0,0,0,['Corbin High School'],
120,Carroll (WI),14,3,0,0,11,0,0,0,"['Badger', 'Bloomington', 'Boylan Catholic']",
1222,Midwestern St.,15,15,0,0,0,0,0,0,[],
1238,Montevallo,17,11,0,0,6,0,0,0,"['Columbia Academy', 'Huntsville High School', 'Laurel High School']",
12399,Gwynedd Mercy,15,2,0,0,13,0,0,0,"['Central Bucks East', 'Conwell Egan Catholic', 'Gloucester Catholic']",
124,Catholic,24,1,0,0,21,0,0,0,"['Albertus Magnus', 'Archbishop John Carroll', 'Bishop Shanahan']",
1245,Mount Olive,16,3,0,0,13,0,0,0,"['Ahoskie Christian', 'E.E. Smith', 'First Flight HS']",
125,Centenary (LA),11,3,0,0,0,0,0,0,[],
1257,Newberry,24,6,0,0,18,0,0,0,"['Asheville High School', 'Cardinal Mooney HS', 'Cardinal Mooney High School']",
12799,Wheeling,24,24,0,0,17,0,0,0,"['Buckeye Valley HS', 'Carrollton HS', 'Chartiers Valley HS']",
13,Albany St. (GA),17,12,0,0,5,0,0,0,"['East Cowetta HS', 'East Laurens HS', 'Jones County HS']",
1314,Pittsburg St.,12,12,0,0,0,0,0,0,[],
1320,Presbyterian College,13,13,0,0,0,0,0,0,[],
1371,Southeastern Okla.,15,1,0,0,0,0,0,0,[],
1376,Southern Ark.,16,6,0,0,10,0,0,0,"['Bismark HS', 'Byron Nelson HS', 'Charles Page HS']",
1400,Texas Lutheran,16,4,0,0,12,0,0,0,"['Akins', 'Burnet', 'Cornerstone Christian']",
1434,Waynesburg,24,11,0,0,13,0,0,0,"['Elkins', 'Fairport Harding', 'Freedom']",
1445,Western N.M.,17,1,0,0,15,0,0,0,"['Alamogordo High School', 'Albuquerque Prep', 'Centennial High School']",
1450,Westminster (MO),11,1,0,0,9,0,0,0,"['Affton', 'Brunswick R-II', 'Eureka']",
148,Cleveland State,13,2,0,0,11,0,0,0,"['Champlain College Saint-Lambert', 'Colegio Luyferivas', 'Gilmour Academy']",
159,Columbus St.,17,17,0,0,0,0,0,0,[],
16,Albright,17,8,0,0,9,0,0,0,"['Arch Bishop Ryan', 'Cedar Cliff', 'Central Dauphin']",
194,Duquesne,13,1,0,0,11,0,0,0,"['Ben Gurion High School', 'CAB Estepona', 'Cheshire Academy']",
195,Earlham,8,4,0,0,4,0,0,0,"['Danville', 'Greenon', 'Pendleton Heights']",
19651,High Point,13,1,0,0,12,0,0,0,"['Crean Lutheran', 'Eastern Randolph', 'Escola Da APEL']",
198,East Tennessee State,13,2,0,0,11,0,0,0,"['Bayside HS', 'Central', 'Colonial']",
199,Tex. A&M-Commerce,15,9,0,0,14,0,0,0,"['Academy of Holy Angels', 'Avondale Senior HS', 'Braswell HS']",
201,Eastern Illinois,14,1,0,0,13,0,0,0,"['CB Alcobendas', 'CBIC SPAR Gran Canaria', 'Fishers']",
205,Mont. St. Billings,13,13,0,0,0,0,0,0,[],
206,Eastern N.M.,14,10,0,0,4,0,0,0,"['Clovis West', 'Flower Mound HS', 'Fort Erie International']",
207,Eastern Washington,14,1,0,0,13,0,0,0,"['A.C. Davis HS', 'Billings West HS', 'Cherokee Trail HS']",
209,Edinboro,13,1,0,0,12,0,0,0,"['Aliquippa High School', 'Allderdice High School', 'Berlin Brothers Valley High School']",
213,Elmira,20,20,0,0,17,0,0,0,"['Academy of the Holy Names', 'Corning-Painted Post HS', 'Dansville HS']",
221,FDU-Florham,19,2,0,0,18,0,0,0,"['Bay Shore', 'Bayonne', 'Bridgewater Raritan']",
22989,Lyon,18,2,0,0,16,0,0,0,"['Batesville High School', 'Cave City High School', 'DeSoto High School']",
231,FIU,14,2,0,0,12,0,0,0,"['Hillcrest Christian College', 'IES Miquel Biada', 'IMG Academy']",
23157,Felician,18,1,0,0,12,0,0,0,"['Cavendish Road State HS', 'Democracy Prep Charter', 'IES Diego Velazquez']",
24639,Nova Southeastern,13,4,0,0,9,0,0,0,"['Creekside High School', 'Gilmour Academy', 'Hickory Ridge']",
25,Angelo St.,13,3,0,0,1,0,0,0,['Seacrest Country Day School'],
261,Grambling,14,12,0,0,2,0,0,0,"['Example Academy', 'Hillgrove Highschool']",
262,Grand Valley St.,20,20,0,0,0,0,0,0,[],
2696,Hawaii Pacific,17,1,0,0,16,0,0,0,"['Caruthers High School', 'Cypress High School', 'Edward S. Marcus High School']",
275,Harvard,18,2,0,0,16,0,0,0,"['ACS Athens', 'Blue Valley North', 'Centennial High School']",
2755,Southwest Baptist,17,6,0,0,9,0,0,0,"['Barking Abbey School', 'Concordia University Chicago', ""D'Youville""]",
27854,Minn.-Crookston,14,14,0,0,0,0,0,0,[],
2807,Roosevelt,17,3,0,0,13,0,0,0,"['Appleton West', 'Edwardsville', 'Fond Du Lac']",
2810,St. Thomas (TX),18,5,0,0,12,0,0,0,"['Arlington Martin HS', 'Bay Area Christian School', 'Captain Shreve HS']",
285,Holy Cross,15,1,0,0,14,0,0,0,"['Brooks School', 'Charlotte Catholic', 'Dexter Southfield']",
28749,Transylvania,20,2,0,0,18,0,0,0,"['Bardstown High School', 'Bourbon County High School', 'Centerville High School']",
294,Idaho St.,15,15,0,0,0,0,0,0,[],
295,Idaho,14,7,0,0,6,0,0,0,"['Clarkston HS', 'Deer Park HS', 'Folsom HS']",
299,Illinois State,14,1,0,0,13,0,0,0,"['Altamont HS', 'Ankeny Centennial HS', 'Bedford North Lawrence HS']",
3,Adelphi,14,2,0,0,12,0,0,0,"['Hoosac School (Queens)', 'Immaculate Heart Academy', 'Kellenberg Memorial']",
30028,Texas-Tyler,15,2,0,0,13,0,0,0,"['Albert Park College', 'Bella Vista Prep', 'Ecole Riverside Secondary']",
30035,Crown (MN),18,1,0,0,13,0,0,0,"['Bloomburg High School', 'Buffalo', 'Celina']",
30045,Palm Beach Atl.,18,2,0,0,16,0,0,0,"['Amherst Central HS', 'Benet Academy', 'Brimfield HS']",
30047,Keystone,10,3,0,0,13,0,0,0,"['Catholic Central', 'Centennial', 'Danbury']",
30069,Franciscan,12,5,0,0,7,0,0,0,"[""Cardinal O'Hara"", 'Frassati Catholic', 'Lincoln Park']",
30073,William Smith,13,2,0,0,10,0,0,0,"['Albany Academy', 'Canandaigua Academy', 'Falconer']",
30080,Point Park,8,1,0,0,7,0,0,0,"['Armwood HS', 'Beaver Area HS', 'Compania de Maria']",
30092,Flagler,15,5,0,0,0,0,0,0,[],
30105,Ark.-Fort Smith,13,8,0,0,4,0,0,0,"['Boswell H.S.', 'Greenwood H.S.', 'Joseph Ambouroue Avaro H.S.']",
30111,Covenant,17,7,0,0,10,0,0,0,"['Albany High School', 'Bowling Green School', 'Boyd-Buchanan School']",
30119,Ohio Dominican,9,3,0,0,5,0,0,0,"['Cabell Midland', 'Maumee', 'Newark']",
30120,William Jewell,16,16,0,0,0,0,0,0,[],
30127,Simon Fraser,14,1,0,0,13,0,0,0,"['Brookswood', 'Calgary Christian', 'Cherry Creek']",
30149,Point Loma,13,1,0,0,12,0,0,0,"['Branson', 'Brentwood', 'Crater']",
30150,Roberts Wesleyan,13,1,0,0,11,0,0,0,"['Aquinas Institute', 'Binghamton', 'Catholic Central']",
30153,Union (TN),16,11,0,0,5,0,0,0,"['Hamilton HS', 'Pennridge HS', 'Pinnacle HS']",
30154,Young Harris,17,1,0,0,16,0,0,0,"['Buffalo Lake-Hector-Stewart', 'Buffalo Lake-Hector-Stewart High School', 'Calhoun High School']",
30178,Northwestern Okla.,17,7,0,0,10,0,0,0,"['Adair High School', 'Alva High School', 'Central High School']",
30192,Southern Wesleyan,15,6,0,0,8,0,0,0,"['Carolina Forest HS', 'DW Daniel HS', 'Doral Academy']",
30193,Emmanuel (GA),19,1,0,0,14,0,0,0,"['Banks County High School', 'Cherokee High School', 'Dawson County High School']",
30202,Okla. Baptist,12,11,0,0,0,0,0,0,[],
30220,Biola,15,15,0,0,0,0,0,0,[],
30221,Davenport,15,5,0,0,10,0,0,0,"['Arbor Prep', 'East Kentwood', 'Grand Blanc']",
30222,Purdue Northwest,15,3,0,0,12,0,0,0,"['Annie Wright', 'Clarkston', 'Dunlap']",
30244,Edward Waters,16,1,0,0,15,0,0,0,"['Andrew Jackson HS', 'Barbers Hill HS', 'Barlett HS']",
30253,Carlow,14,7,0,0,0,0,0,0,[],
30262,Jessup,18,18,0,0,0,0,0,0,[],
30266,UC Merced,17,17,0,0,0,0,0,0,[],
307,Indiana (PA),14,5,0,0,9,0,0,0,"['Carlisle', 'Chestnut Ridge', 'Emek Harod']",
309,UIndy,16,1,0,0,15,0,0,0,"['Boonville', 'Columbus East', 'Decatur Central']",
320,John Carroll,20,7,0,0,16,0,0,0,"['Avon', 'Avon High School', 'Bishop Luers High School']",
323,Johnson C. Smith,14,12,0,0,2,0,0,0,"['East Forsyth', 'South Point']",
333,Ky. Wesleyan,14,1,0,0,12,0,0,0,"['Beech Senior', 'Calandlyceum', 'Collierville']",
334,Kentucky,12,2,0,0,0,0,0,0,[],
340,LaSalle,16,3,0,0,12,0,0,0,"['Addison School', ""Cardinal O'Hara"", 'HC Williams']",
346,Lamar,13,1,0,0,10,0,0,0,"['Amarillo HS', 'Benson HS', 'C.E King HS']",
370,Loyola Marymount,14,1,0,0,4,0,0,0,"['Archbishop Mitty High School', 'Champlain Lennoxville', 'Oakland Technical High School']",
371,Loyola-Chicago,12,1,0,0,11,0,0,0,"['Beaver Dam', 'Central Catholic', 'Crestwood Prep']",
381,Manhattan,15,1,0,0,13,0,0,0,"['Academy of the Holy Angels', 'Kušlanova Gymnasium', 'Layton Christian Academy (UT)']",
39,Augusta,14,14,0,0,0,0,0,0,[],
394,Marymount (VA),17,8,0,0,9,0,0,0,"['Bishop Loughlin Memorial', 'Brentsville', 'Colgan']",
396,Maryville (TN),23,7,0,0,16,0,0,0,"['Christian Academy of Knoxville', 'Cocke County', 'Cookeville']",
40,Augustana (IL),21,19,0,0,1,0,0,0,['Furtah Preparatory School'],
402,McNeese State,13,2,0,0,11,0,0,0,"['Campbell High', 'Granada Mas Baloncesta', 'Griffin High']",
405,Menlo,17,17,0,0,0,0,0,0,[],
410,Merrimack,15,3,0,0,12,0,0,0,"['Archbishop Williams', 'Carondelet High School', 'Chanhassen High School']",
413,MSU Denver,12,2,0,0,10,0,0,0,"['Centennial', 'City of London Academy', 'Coronado']",
417,Michigan Tech,16,1,0,0,15,0,0,0,"['Becker', 'Delano', 'East Lansing']",
422,Miles,1,1,0,0,0,0,0,0,[],
424,Millikin,23,1,0,0,22,0,0,0,"['Academy High', 'Alton High School', 'Bloom Township']",
426,Millsaps,24,12,0,0,12,0,0,0,"['Ashville', 'Baker', 'Brusly']",
427,Minn. Duluth,15,1,0,0,14,0,0,0,"['Appleton East HS', 'Dallas Center-Grimes High School', 'Davies High School']",
429,Mississippi College,15,15,0,0,0,0,0,0,[],
431,MUW,17,1,0,0,15,0,0,0,"['Columbus Christian Academy', 'Gulfport HS (MS)', 'Kossuth HS']",
435,Missouri S&T,18,8,0,0,10,0,0,0,"['Galesburg', 'Holland Hall', 'Lake Park']",
437,Molloy,11,3,0,0,7,0,0,0,"['Baldwin', 'Bayonne', 'Brooklyn High School for Law and Technology']",
438,Monmouth (IL),12,6,0,0,6,0,0,0,"['Charleston', 'Harvard', 'Lincoln']",
460,UNCW,12,1,0,0,11,0,0,0,"['Central Pointe Christian Academy', 'Dorman High School', 'Houston Christian Academy']",
466,Nevada,16,2,0,0,14,0,0,0,"['Albert M. Lowry HS', 'Bishop Manogue HS', 'Clovis East High School']",
470,New Haven,20,3,0,0,17,0,0,0,"['Alexandria Area High School', 'Baldwin', 'Boswell']",
472,New Mexico State,14,13,0,0,1,0,0,0,['Las Cruces HS'],
474,New Orleans,13,13,0,0,0,0,0,0,[],
48,Charleston Southern,13,4,0,0,9,0,0,0,"['Billings Senior High School', 'Blanche Ely HS', 'Box Hill Senior Secondary College']",
482,Niagara,14,6,0,0,8,0,0,0,"['Charnwood College', 'Colegio Villalkor', 'Gloucester Catholic']",
49,Barry,14,14,0,0,0,0,0,0,[],
498,Louisiana Monroe,13,2,0,0,11,0,0,0,"['Baradene College', 'Bartlett High School', 'Ben L. Smith HS']",
500,Northeastern,13,6,0,0,7,0,0,0,"['Averill Park', 'Canton', 'Hightower High School']",
505,Northern Kentucky,13,7,0,0,6,0,0,0,"['Conner HS', 'Hof Hasharon', 'Lafayette Jefferson']",
514,Oakland,14,3,0,0,11,0,0,0,"['Boilingbrook H.S.', 'Butler College Prep', 'Cathedral']",
515,Oberlin,11,1,0,0,10,0,0,0,"['Bishop Fenwick', 'Haldane', 'Ithaca']",
527,Oral Roberts,12,1,0,0,11,0,0,0,"['Andover HS', 'Bethany HS', 'Bixby HS']",
533,Pace,18,10,0,0,8,0,0,0,"['East Meadow High School', 'Greens Farms Academy', 'Hanover High School']",
534,Pacific,14,3,0,0,11,0,0,0,"['Folsom HS', 'Gymnasium Kraljevo', 'La Cueva HS']",
536,UT-Rio Grande Valley,13,1,0,0,12,0,0,0,"['Carlsbad High School', 'Chaparral High School', 'Clear Brook High School']",
54,Bemidji St.,14,6,0,0,8,0,0,0,"['Alexandria Area HS', 'Cass Lake-Bena HS', 'Chaska HS']",
560,Queens (NY),15,8,0,0,7,0,0,0,"['Bayonne High School', 'Franklin D. Roosevelt Senior High School', 'Leonia']",
565,Randolph-Macon,18,7,0,0,11,0,0,0,"['A.C. Reynolds', 'Berks Catholic', 'Cave Spring']",
572,Rhode Island,13,2,0,0,11,0,0,0,"['Bon Soleil (UAlbany)', 'Cégep Champlain Saint-Lambert (UAlbany)', 'IES Carmen Martin Gaite (Wofford)']",
579,Robert Morris,15,2,0,0,13,0,0,0,"['Bullis', 'George Rogers Clark', 'Hampton']",
6,Alabama A&M,15,15,0,0,0,0,0,0,[],
608,Saint Leo,16,1,0,0,17,0,0,0,"['Berkeley Prep', 'Division Avenue', 'George Rogers Clark']",
609,Saint Louis,12,3,0,0,9,0,0,0,"['Capital Courts Academy (Canada)', 'Centralia High School', 'Gibson Southern']",
613,Saint Michael's,13,1,0,0,14,0,0,0,"['Brentwood School', 'Colonie Central', 'Colonie Central (Saint Rose)']",
627,San Diego,13,1,0,0,12,0,0,0,"['Centennial', 'Cherry Creek', 'Crescenta Valley']",
647,South Carolina St.,19,19,0,0,0,0,0,0,[],
648,South Carolina,15,2,0,0,0,0,0,0,[],
655,Southeastern Louisiana,14,1,0,0,13,0,0,0,"['Brandeis HS', 'Brewer HS', 'Church Point HS']",
670,Texas State,13,2,0,0,11,0,0,0,"['AZ Compass Prep (Ariz.)', 'Cibenik Medical School', 'Elizabeth Seton HS']",
678,Stetson,13,1,0,0,12,0,0,0,"['Antioch Community High School', 'Bartlett High School', 'Catholic High School']",
683,Stony Brook,13,1,0,0,11,0,0,0,"['Archbishop Carroll', 'Bishop McNamara Catholic', 'Champlain College Saint-Lambert']",
691,Tennessee St.,13,3,0,0,10,0,0,0,"['Beech', 'Brewbaker Tech Magnet', 'Camden']",
696,Tex. A&M-Kingsville,13,2,0,0,9,0,0,0,"['Bishop High School', 'Clark High School', 'Farwell High School']",
701,Texas Woman's,14,8,0,0,6,0,0,0,"['Argyle', 'Brewer', 'Burges']",
704,Texas-El Paso,13,10,0,0,3,0,0,0,"['Brewer High School', 'Downingtown East HS', 'North Shore Senior HS']",
711,Towson,15,1,0,0,14,0,0,0,"['Archbishop Wood', 'Burlington County Institute of Technology', 'DME Academy']",
72,Bradley,13,4,13,9,0,0,0,0,[],
738,Vermont,14,1,0,0,13,0,0,0,"['Abbotsford Senior Secondary School', 'Alexandria', 'Champlain Valley Union']",
740,Virginia Commonwealth,8,3,0,0,5,0,0,0,"['Capital Courts', 'Carrollton', 'Grand Island Central Catholic']",
743,Virginia State,13,1,0,0,11,0,0,0,"['Culpeper County', 'David W. Butler', 'Garner Magnet']",
748,Wagner,15,2,0,0,13,0,0,0,"['Ardrey Kell High School', 'Columbia High School', 'GS Esperides Kalliotheas']",
769,Western Carolina,13,1,0,0,10,0,0,0,"['Blacksburg HS', 'Butler High School', 'Cass Tech']",
774,Western Michigan,13,2,0,0,9,0,0,0,"['Argyle Secondary', 'Bonita Vista Senior', 'Carroll']",
782,Wichita State,12,1,0,0,10,0,0,0,"['AZ Compass Prep', 'Alton HS', 'Blue Valley West HS']",
792,Winthrop,14,2,0,0,12,0,0,0,"['Alief Taylor H.S.', 'Baldwin H.S.', 'Crockett']",
794,Green Bay,15,1,0,0,12,0,0,0,"['Becker', 'Elkhorn HS', 'Gladstone HS']",
811,Wyoming,15,1,15,14,0,0,0,0,[],
8366,Goldey-Beacom,14,2,0,0,12,0,0,0,"['Clearview', 'Conrad', 'Early College School']",
84,Buena Vista,20,1,0,0,18,0,0,0,"['Cherokee Washington High School', 'East Sac County', 'Fleming']",
8411,Ark.-Monticello,13,1,0,0,12,0,0,0,"['Baptist Prep Highschool', 'Benton High School', 'Cossatot River High School']",
8744,Southwestern Okla.,12,12,0,0,0,0,0,0,[],
8935,Converse,19,3,0,0,16,0,0,0,"['1 of 1 Academy', 'A.C. Flora High School', 'Antonius College Gouda']",
8965,East Central,13,7,0,0,6,0,0,0,"['Byron Nelson HS', 'Chickasha High School', 'Rains HS']",
9012,Mo. Southern St.,15,15,0,0,0,0,0,0,[],
9223,North Greenville,15,15,0,0,0,0,0,0,[],
929,Adams St.,14,8,0,0,6,0,0,0,"['Beechcroft HS', 'Desert Oasis HS', 'Las Cruces HS']",
94,Cal State Bakersfield,15,15,0,0,1,0,0,0,['Laney College'],
947,Arkansas Tech,14,14,0,0,0,0,0,0,[],
985,Bluefield St.,16,12,0,0,4,0,0,0,"['Ben L. Smith HS', 'Hernando HS', 'Ithaca HS']",
