team_id,team_short_display_name,n_wins,off_mahal_mean,def_mahal_mean,off_def_gap,total_mahal,conference_short_name,conf_tier,cv_composite_core,cv_Shooting,cv_Ball_Care,cv_Rebounding,cv_Free_Throws,cv_Scoring_Mix,cv_Def_Quality
2199,E Michigan,12,5.181289198900084,5.94980568745846,-0.768516488558376,11.131094886358545,NA,NA,0.27553963333751463,0.17582785313567378,0.19044825140356397,0.23478130376921988,0.3593879549089086,0.3325285390753252,0.41725280347020677
2448,NC A&T,10,8.042580701521356,2.9792998324415927,5.0632808690797635,11.021880533962948,CAA,Mid/Low Major,0.2698359349740353,0.20113780215387383,0.3066864487147769,0.18857370201920334,0.3398072469252588,0.26478724542060994,0.31297447505706366
2698,West Georgia,17,5.958193395006825,4.5899734268631915,1.3682199681436336,10.548166821870016,NA,NA,0.2550508182420388,0.19511643035127155,0.22324670336574115,0.25246684874909725,0.23795111900156685,0.25816826767250456,0.3664729897425173
277,West Virginia,22,5.066311022057306,4.788082442767377,0.2782285792899293,9.854393464824682,Big 12,Power 4,0.26880303168521735,0.22044779835906714,0.26713357316192765,0.1888696179894674,0.3034836675724123,0.35290856593019615,0.3640805013432124
2466,N'Western St,14,5.738484620479769,4.090927086159236,1.6475575343205326,9.829411706639004,NA,NA,0.273759440277749,0.23356439070864432,0.27433301252089964,0.21530685494853702,0.2589821974363585,0.4313553616125264,0.3866107457743056
2803,Bryant,18,5.497109801846139,4.268632671900681,1.2284771299454578,9.765742473746819,America East,Mid/Low Major,0.27030807186011785,0.22486816798797463,0.256752481979615,0.20835588205374328,0.3368987742636957,0.36318644140703826,0.32466505301556065
2430,UNC Greensboro,13,4.835592069983704,4.7967698815848125,0.03882218839889173,9.632361951568516,SoCon,Mid/Low Major,0.2720449935770365,0.20555593071414624,0.25630113513803626,0.21539012635700377,0.322050514050132,0.41377071647699215,0.3609272616258642
2900,St Thomas (MN),14,5.3241756985906115,4.302375644427178,1.0218000541634336,9.62655134301779,Summit League,Mid/Low Major,0.25592091319988264,0.1963734057692355,0.26591981859167185,0.1893168235792816,0.283832109130706,0.4633158272017652,0.34416240892851835
2534,Sam Houston,16,4.373957450139435,5.1547100967026385,-0.7807526465632035,9.528667546842073,NA,NA,0.24559894062487647,0.1900319950310514,0.2527339220910134,0.24985732131518262,0.24860250189362443,0.2786086716469929,0.2867689627935105
526,FGCU,13,6.163325800114936,3.2954169656660723,2.8679088344488632,9.458742765781007,NA,NA,0.3003685280517583,0.16462121966262364,0.3107676886489974,0.3446330747094343,0.35743341251786115,0.5149146564451504,0.32438724471987507
2000,Abilene Chrstn,19,5.1808309310460325,4.250455216276419,0.9303757147696139,9.431286147322451,NA,NA,0.2558977595074865,0.20564193379708146,0.2625653368134202,0.19983398078629522,0.2979326310669894,0.34580279135347136,0.3135149150736461
2908,SC Upstate,10,5.5886223942592155,3.762782409736215,1.8258399845230007,9.35140480399543,NA,NA,0.27720071712830474,0.23263185668958958,0.23004605203458234,0.16788866732725205,0.3705722797672286,0.44159006856355254,0.3848647298228711
197,Oklahoma St,21,5.181554609919308,4.1603043771678285,1.0212502327514796,9.341858987087136,NA,NA,0.24787236175378094,0.18189449829457588,0.21617299591208378,0.21709426675017215,0.27750200109044953,0.4088929172044978,0.34669804672162335
2427,UNC Asheville,11,4.213665141559117,5.100458712157177,-0.8867935705980603,9.314123853716294,Big South,Mid/Low Major,0.26276358072325995,0.14518832818813185,0.3007278301878257,0.19023640378771783,0.29455593168926536,0.3035965332465869,0.38310940976335905
2378,UMBC,13,4.9123996005204695,4.31621695188785,0.5961826486326194,9.228616552408319,America East,Mid/Low Major,0.2674790713178992,0.25155571881594185,0.2877287423990832,0.20260139195210786,0.283599796478623,0.5101766320279367,0.31190970694374026
2229,FIU,17,4.175114579817061,4.797333884953382,-0.622219305136321,8.972448464770443,C-USA,Mid/Low Major,0.23765235388441855,0.18618688637405797,0.2200527136639852,0.19910860398247965,0.2725131143637025,0.2195965491512648,0.31040045103786734
2571,S Dakota St,22,4.910185870920937,4.009342657799891,0.9008432131210462,8.919528528720829,NA,NA,0.28093584109394243,0.20487206302513958,0.27627304894393934,0.24987890414623826,0.2869380236243161,0.40106557229806195,0.38671716573007886
194,Ohio State,23,3.190918019843428,5.716249318594833,-2.5253312987514045,8.90716733843826,Big Ten,Power 4,0.2526065881224441,0.18717674307239088,0.25283483261005407,0.19463189589828564,0.23576068266373487,0.3265397628875806,0.3926287863677549
171,Columbia,18,4.375104502378067,4.521360820402177,-0.14625631802411032,8.896465322780244,Ivy League,Mid/Low Major,0.2628750647329125,0.20839684456521723,0.21554007179765564,0.19010780720252157,0.3831375134081217,0.32066846159642093,0.3171930866910464
159,Dartmouth,10,5.784377544744574,3.0168229593672478,2.7675545853773262,8.801200504111822,Ivy League,Mid/Low Major,0.29007205366861427,0.22583511724389252,0.18916268517179624,0.17906524774332952,0.45716248593685094,0.47315291923716063,0.39913473224720214
278,Fresno St,14,3.920151486683948,4.855149513027087,-0.9349980263431394,8.775300999711035,NA,NA,0.27416887901559456,0.2443328283914954,0.3095210103151879,0.21299726314638429,0.2929127497767101,0.29922769145827693,0.311080543448195
66,Iowa State,21,5.716265413278976,3.035683884299539,2.6805815289794372,8.751949297578516,Big 12,Power 4,0.25458419553420136,0.2163257857464168,0.21534504395492987,0.2507444289979317,0.2847406270850818,0.5950971478033684,0.30576509188664663
112358,Long Island,17,4.5419814795532485,4.151957200115241,0.3900242794380073,8.69393867966849,NEC,Mid/Low Major,0.25006651329782614,0.15108632346948744,0.21931610743504615,0.21761805560032962,0.34718533597465634,0.29220087710339265,0.3151267440096111
2348,Louisiana Tech,21,4.2148348157372,4.451264624078083,-0.23642980834088245,8.666099439815284,C-USA,Mid/Low Major,0.24073770110190587,0.16607226909192851,0.20242778306745235,0.21634791234001224,0.29993815668919765,0.2892407320155469,0.3189023843209386
279,Pacific,11,4.799197443387862,3.802819306515741,0.9963781368721207,8.602016749903603,NA,NA,0.26736804287895777,0.19504052880592893,0.2667322044215491,0.2219911967392453,0.3485695172815724,0.37973407864375425,0.30450676714649316
2239,Fullerton,16,2.92093802518779,5.668781343056001,-2.7478433178682105,8.589719368243792,NA,NA,0.23802922364042953,0.2112275829116158,0.21468554967561426,0.1935480640731691,0.28605990989157365,0.23596136896460795,0.28462501165017484
9,Arizona St,22,4.379344450473495,4.171609440840645,0.20773500963284963,8.55095389131414,NA,NA,0.2583218521208254,0.19086056963186637,0.2257811538049602,0.2441010322906659,0.28934910854622486,0.3829391344712646,0.3415173963304099
2306,Kansas St,15,4.572870790906892,3.966227811891645,0.606642979015247,8.539098602798537,NA,NA,0.25460140542222537,0.21278656965870563,0.24685298239864006,0.25260750495946904,0.25479219979750967,0.3549000280853735,0.30596777029680233
2635,Tennessee Tech,14,4.204444039796362,4.325981705905818,-0.1215376661094556,8.53042574570218,OVC,Mid/Low Major,0.2524766647082761,0.1988644062598155,0.2506414624416071,0.2125908837961133,0.2375424127688624,0.2700258223174795,0.36274415827498224
2217,Fairfield,24,3.821588946703399,4.701491196501919,-0.8799022497985196,8.523080143205318,MAAC,Mid/Low Major,0.24763546281717957,0.16257030614647028,0.20281081830775888,0.2500169217527913,0.3130782918470188,0.3577117982827823,0.3097009760318587
2110,C Arkansas,18,3.8252951620674014,4.692498633798717,-0.8672034717313157,8.517793795866119,NA,NA,0.2824580654296085,0.1578122686855121,0.29446787654164597,0.1579950154344538,0.4391041276831349,0.31530577246956115,0.3629110388032958
276,Marshall,23,4.567491777697272,3.9083045225179047,0.6591872551793676,8.475796300215176,Sun Belt,Mid/Low Major,0.2647258407403331,0.17285878254563963,0.2556028928946279,0.2202599184029203,0.3235344693928637,0.4027979136096719,0.3513731404656142
193,Miami OH,22,4.831079756361175,3.6327890675732983,1.198290688787877,8.463868823934474,NA,NA,0.24997517758653084,0.20223554615850875,0.24998163121566208,0.23242712612533856,0.3124631550239645,0.3734297282066828,0.2527684294091804
2473,Oakland,10,5.034751664570848,3.423289531290414,1.6114621332804342,8.458041195861263,Horizon,Mid/Low Major,0.26728717347514286,0.1503036812038171,0.23578170056379405,0.21970276299798935,0.411416530885654,0.21551626204658214,0.31923119172445985
2603,Saint Joseph's,19,5.00084516609127,3.403440198173401,1.5974049679178686,8.40428536426467,NA,NA,0.2502725682770017,0.2079537527476638,0.2118901215935145,0.22002710049374488,0.29343965915569875,0.3982542519863026,0.3180522073943864
2050,Ball State,22,5.138140440061739,3.2249806178601266,1.9131598222016124,8.363121057921866,MAC,Mid/Low Major,0.24082031751201038,0.17665225334881424,0.24241847811814082,0.17951993467901223,0.30403991884201365,0.339319974489966,0.30147100257207105
2309,Kent State,13,3.875820216406972,4.479141682035894,-0.6033214656289219,8.354961898442866,MAC,Mid/Low Major,0.22719373238240342,0.2317851009657556,0.237191536090106,0.20824362426413523,0.1418481943803205,0.28722208174463093,0.31690020621169984
2226,FAU,12,5.151163365851386,3.1679404923566854,1.9832228734947006,8.319103858208072,NA,NA,0.2647911175502706,0.2181819796686632,0.2507859663710006,0.2751918721281609,0.30317507023374723,0.338693599312684,0.2766206993497813
16,Sacramento St,12,3.9088883701175874,4.360314447233676,-0.4514260771160883,8.269202817351264,NA,NA,0.2406054673751384,0.16061296332682387,0.221182554411403,0.2549084813961957,0.24494895365285013,0.2978255417928865,0.3213743840884194
252,BYU,18,4.996465299637399,3.230460762310457,1.7660045373269422,8.226926061947855,NA,NA,0.2560646424075076,0.22124439539517649,0.26865882643128725,0.2341246204050465,0.2833439349442985,0.30161630056128647,0.27295143486172935
2,Auburn,14,4.525389162977684,3.6963284062507724,0.8290607567269119,8.221717569228456,SEC,Power 4,0.24920380862720054,0.24494601577820357,0.2643783710616362,0.21217303127926834,0.25951964339193623,0.33168255712565126,0.2650019816249584
2210,Elon,13,3.9188354466645032,4.299530081228113,-0.38069463456360975,8.218365527892615,CAA,Mid/Low Major,0.23936146816941342,0.20616739315360938,0.2569199910400023,0.18327658413000664,0.24122960789560075,0.45101337130773644,0.309213764627848
2729,William & Mary,13,3.483915820073332,4.689352806825338,-1.2054369867520056,8.17326862689867,CAA,Mid/Low Major,0.27158629810656443,0.20761400795287321,0.2564123577445693,0.2272557239178763,0.3110360896466351,0.314983447941633,0.35561331127086815
142,Missouri,16,5.939686739473496,2.2163844084810957,3.7233023309924,8.156071147954592,SEC,Power 4,0.28121976555046413,0.23301265787330533,0.2289521162052865,0.20551962011705932,0.3981674332772918,0.3035865109737016,0.3404470002793778
2501,Portland,16,4.211049918027255,3.944196573050491,0.2668533449767643,8.155246491077746,WCC,High Major,0.24780240318896388,0.20309838963726826,0.1838640227599891,0.2464815511979011,0.3139492968145472,0.4491982060760352,0.29161875553511374
2916,Incarnate Word,13,3.9764332075566546,4.158255891326878,-0.18182268377022304,8.134689098883532,Southland,Mid/Low Major,0.25022627831417826,0.18144620508408993,0.25501713566623097,0.18834392718663087,0.30129905607687507,0.4793816799998342,0.3250250675570645
2198,E Kentucky,22,4.6192953806656964,3.4903182671696906,1.1289771134960058,8.109613647835387,NA,NA,0.2642358668715278,0.1947869222078233,0.21204092815995962,0.1844370260036055,0.3910538173804931,0.36524471874406184,0.3388606406057573
96,Kentucky,20,3.8478390591438694,4.256442854179161,-0.40860379503529165,8.10428191332303,SEC,Power 4,0.2480509098380479,0.18447347567969496,0.26526435581316693,0.20786806403777414,0.23980272277516687,0.42311507405896365,0.34284593088443654
231,Furman,16,3.1538640327563723,4.947390414186754,-1.7935263814303815,8.101254446943127,SoCon,Mid/Low Major,0.25298796899657483,0.1891601136354439,0.22145139610105696,0.17408194279309863,0.2913898936883935,0.3228258133195351,0.388856498764881
2031,Little Rock,14,3.470014864693246,4.623243281815393,-1.153228417122147,8.093258146508639,NA,NA,0.27751001028281963,0.21983777028198156,0.31867907772732496,0.24474341850578302,0.24287172840587568,0.45010764238601786,0.3614180564931328
2377,McNeese,24,3.3261850522557257,4.757313856178412,-1.431128803922686,8.083498908434137,NA,NA,0.26679962777110916,0.22284469843146787,0.2773328768461268,0.22039931348739367,0.31352371009934465,0.39287907329608157,0.2998975399912127
2382,Mercer,16,4.103160999847632,3.971772131297545,0.13138886855008725,8.074933131145176,SoCon,Mid/Low Major,0.2431463775388187,0.19089940534296923,0.24593032748950072,0.19822304005954328,0.2740858131588467,0.3423466853771969,0.3065933016432336
2172,Denver,10,5.271107091001694,2.7994051298553226,2.4717019611463713,8.070512220857017,Summit League,Mid/Low Major,0.2645625485182083,0.20151792466581228,0.3143997106462466,0.2553654201488062,0.2797353112325047,0.2942125881671226,0.2717943758976717
127,Michigan St,22,4.076895938307606,3.9893873305682592,0.08750860773934699,8.066283268875866,NA,NA,0.24600255494335976,0.19453692619159843,0.33302429455962856,0.1918948931629953,0.17636604306095272,0.3321280697044704,0.3341906177416238
233,South Dakota,21,4.234881196491272,3.8270612261877077,0.4078199703035641,8.06194242267898,Summit League,Mid/Low Major,0.2679508265024104,0.2388996983312008,0.2684760155368531,0.19241256486274524,0.2774441578927269,0.5059276349343852,0.362521695888526
2529,Sacred Heart,12,5.2922396414948,2.7508415034938087,2.541398138000991,8.043081144988609,NEC,Mid/Low Major,0.2445003627020776,0.20834178814576212,0.19072426256142427,0.19302486257567908,0.34658188220642794,0.3788964270829557,0.2838290180210945
2046,Austin Peay,15,3.50264566877062,4.490616815078794,-0.987971146308174,7.9932624838494135,ASUN,Mid/Low Major,0.22607332139937683,0.14484940559154208,0.2274202950617506,0.1729233520175338,0.2716755130053862,0.2698633607978777,0.3134980413206714
2523,Robert Morris,17,4.346585954443924,3.6317293088571057,0.7148566455868184,7.978315263301029,Horizon,Mid/Low Major,0.25180158636912797,0.2335426936741174,0.24079627058041564,0.19721076662999168,0.24034290496294256,0.4379530484007233,0.34711529599817265
325,Cleveland St,21,4.680972129463484,3.297078704925696,1.383893424537788,7.97805083438918,NA,NA,0.2426067998980368,0.17943312284100027,0.27776612027373737,0.20232575734129132,0.23969761279993557,0.2790689321454929,0.3138113862342195
2582,Southern,14,3.5098188091380984,4.453752259815393,-0.9439334506772945,7.963571068953492,SWAC,Mid/Low Major,0.25680127349389625,0.1951370649092672,0.24220417910380188,0.22389323910413472,0.32049289537323056,0.40701514661397725,0.3022789889790469
28,UC San Diego,18,4.2035707320713875,3.75888136727238,0.44468936479900734,7.962452099343768,Big West,Mid/Low Major,0.2780159005140565,0.1879153365195083,0.22937203604118056,0.2435903293546412,0.3552746233266303,0.3197459348422583,0.37392717732832226
2619,Stony Brook,15,4.051372391103424,3.896847477754847,0.1545249133485771,7.948219868858271,CAA,Mid/Low Major,0.26278560730400014,0.1922051028277652,0.26392151899377275,0.20237723571663593,0.3169494650582201,0.43091632521944323,0.33847471392360684
2815,Lindenwood,22,3.9739957508693218,3.9741875555627266,-1.9180469340485118e-4,7.948183306432048,NA,NA,0.24414422997493826,0.1659007201980808,0.24040823743659723,0.21543808979469475,0.2721824457874552,0.37342054455487245,0.32679165665786336
2097,Campbell,17,4.552262515261495,3.388783113278821,1.1634794019826735,7.941045628540316,Big South,Mid/Low Major,0.24684145103586877,0.20691065379213647,0.2364777039244636,0.2019754500185964,0.263115432357408,0.38053009874099597,0.3257280150867394
2870,Purdue FW,16,3.4701014047173326,4.468012495604664,-0.9979110908873312,7.938113900321996,NA,NA,0.2627389694173845,0.17942795679686455,0.2463208490085751,0.2357934306672961,0.26431931960310734,0.37456575208269477,0.38783329101107933
331,E Washington,13,4.392741884550766,3.538103159455178,0.854638725095588,7.9308450440059435,NA,NA,0.2941496284766852,0.16303451761488796,0.324895306730683,0.17342982003793178,0.46429650812750606,0.26442640440908055,0.345091989872417
2681,Wagner,12,4.310068828905632,3.603350643208067,0.7067181856975653,7.9134194721136994,NEC,Mid/Low Major,0.2678385341202836,0.1956210485164681,0.25791592171822675,0.2363367341224451,0.34497809722654316,0.3655816203004275,0.3043408690177349
147,Montana St,20,3.4578982889381407,4.431649674569102,-0.9737513856309614,7.889547963507242,NA,NA,0.2538673484414062,0.18101170784485843,0.2428857237204643,0.1528379517945534,0.39834901035043435,0.3071768537318781,0.29425234849672055
356,Illinois,19,3.8271742572581813,4.060457353527955,-0.23328309626977362,7.887631610786136,Big Ten,Power 4,0.25224094867972857,0.1884515301990186,0.27600765676672656,0.17564947645393064,0.2835702530257367,0.41759980847157796,0.33752582695323036
2320,Lamar,17,3.7135982410984902,4.163175651124688,-0.449577410026198,7.876773892223179,Southland,Mid/Low Major,0.2371849789104525,0.20027155649823913,0.21268215322171574,0.17636409371480974,0.28487820472102265,0.3874730464641123,0.3117288863964752
153,North Carolina,23,3.697203300981358,4.15941223651076,-0.4622089355294019,7.856615537492118,ACC,Power 4,0.24539139247048705,0.20631234753083744,0.19350106666502342,0.17614432500975544,0.31385205363878926,0.32809363672624425,0.3371471695080297
249,North Texas,16,4.819876822853973,3.032488882594417,1.7873879402595563,7.85236570544839,C-USA,Mid/Low Major,0.27251202261454516,0.24229194005969915,0.29250427233875814,0.17034387610641824,0.3396504985770776,0.30972599010973,0.31776952599077274
202,Tulsa,17,3.886259527932441,3.959065851580026,-0.0728063236475851,7.845325379512467,AAC,High Major,0.2315521342816844,0.1728814826498017,0.2262888839535182,0.21904459187680644,0.25573047028446294,0.2613247113142867,0.28381524264383273
251,Texas,26,3.0668254650390474,4.769358450525605,-1.7025329854865574,7.836183915564652,Big 12,Power 4,0.24746241374984973,0.2373331948431356,0.2767583513099595,0.1689649405010403,0.24693960631687767,0.3048225735139203,0.30731597577823555
2630,UT Martin,13,4.80362157578757,3.0316579227913474,1.7719636529962228,7.835279498578918,OVC,Mid/Low Major,0.25774088463154693,0.21191137659342013,0.22316528054610976,0.2910022307271814,0.266083127848033,0.3816483751956049,0.29654240744299043
2599,St John's,21,5.03134346948975,2.792917157640013,2.2384263118497367,7.824260627129763,Big East,High Major,0.2633291520571031,0.2134440729814283,0.25239866410511214,0.19541716551984645,0.3085536095799535,0.3606266084706897,0.34683224809917523
300,UC Irvine,23,4.201300867527687,3.6179051529652497,0.5833957145624371,7.819206020492937,Big West,Mid/Low Major,0.24028861071964988,0.1706054175235514,0.2775507169480653,0.20741941082538232,0.23975504012625345,0.48100419387374327,0.3061124681749969
120,Maryland,22,3.2466290165663962,4.565574640290167,-1.318945623723771,7.812203656856564,Big Ten,Power 4,0.22255512329672272,0.17280167095820237,0.21497641881370053,0.14923690426732422,0.2080881745368879,0.2649281302483655,0.36767244790749853
2241,Gardner-Webb,11,3.627759093309802,4.182918257887084,-0.5551591645772822,7.810677351196886,Big South,Mid/Low Major,0.2658102201548361,0.16943264887012088,0.19987168735619143,0.20160240185499442,0.40742648294246303,0.47442799570930494,0.35071787975041063
88,So Indiana,19,4.146815157189144,3.628152322224325,0.5186628349648186,7.774967479413469,NA,NA,0.2504760518983365,0.20180206796455818,0.2997870154629154,0.20211676337373782,0.27501596344291757,0.3014976106266497,0.2736584492475534
30,USC,17,4.138266543924984,3.6022454165966042,0.5360211273283797,7.740511960521588,NA,NA,0.2591361905911594,0.17506025100948902,0.25553880558898967,0.21062936423563394,0.30119835214909996,0.24675786633877753,0.35325417997258446
2272,High Point,24,4.47464595525869,3.2656548696887606,1.208991085569929,7.74030082494745,Big South,Mid/Low Major,0.26334898016219827,0.1813899549032687,0.27206187518040803,0.22866316407009593,0.29821526313115415,0.2971348101378623,0.3364146435260644
2344,Longwood,18,3.6953757913061365,4.023314654255951,-0.32793886294981434,7.718690445562087,Big South,Mid/Low Major,0.24339548550360057,0.1794421549909203,0.2738302369926128,0.17462740107388436,0.27718862600458916,0.3271722010572849,0.31188900845599626
189,Bowling Green,15,4.328341619010913,3.3804296192369536,0.9479119997739591,7.708771238247866,MAC,Mid/Low Major,0.23406497181502484,0.18394693754268807,0.2125635541266277,0.20280615349343284,0.26426382122750214,0.28073467633324,0.3067443926848734
2083,Bucknell,10,4.345947156939779,3.3576438727179267,0.9883032842218524,7.703591029657706,Patriot,Mid/Low Major,0.2937228520476692,0.21390781370124537,0.2786637414250501,0.24695769004810117,0.39449325327366314,0.6236100774679284,0.33459176179028605
2413,Morehead St,17,4.691463533093874,3.0106768886698627,1.680786644424011,7.702140421763737,NA,NA,0.23123780507925257,0.18998347786658445,0.2510700295093854,0.27190064419512794,0.1843158909904036,0.3723398029192636,0.2589189828347615
232,Charleston,21,3.1872723890079677,4.51015028715124,-1.3228778981432723,7.697422676159208,NA,NA,0.23396713074892023,0.21164921630203923,0.21209267228513218,0.1831791560527165,0.22587414768578645,0.34203764351078325,0.33704046141892674
2010,Alabama A&M,18,4.220894282528662,3.476479279418692,0.7444150031099701,7.697373561947354,SWAC,Mid/Low Major,0.23180444054679772,0.21643113052831411,0.27045245044315447,0.16340439239804994,0.24012367785285563,0.33336785678166236,0.2686105515116145
145,Ole Miss,21,4.410075444064647,3.2784311054282043,1.131644338636443,7.6885065494928515,SEC,Power 4,0.24244365043176447,0.22728289651857958,0.26725975744785757,0.18062992406807402,0.25266958008752344,0.2894518822277858,0.2843760940367877
2351,LMU,19,3.7145352927310977,3.970346880019503,-0.2558115872884055,7.684882172750601,NA,NA,0.24683286493441736,0.20391386052898558,0.22039180759986032,0.2129767035029077,0.2988756312117934,0.3522240089621981,0.2980063218285398
85,IU Indy,12,5.097921611944595,2.5722338322114173,2.5256877797331776,7.670155444156013,NA,NA,0.25022365734394886,0.2095500220374977,0.28890997133000534,0.23947546727079128,0.29308165119494245,0.3245101981765285,0.22010117488650752
2016,Alcorn St,14,4.030275135814594,3.620163314754375,0.41011182106021904,7.650438450568968,NA,NA,0.24027127526818964,0.1466900652214156,0.23073657966725603,0.2229428038418869,0.28760382502765625,0.3052984294431116,0.31338310258273344
2515,Radford,18,4.732878974645911,2.9064353137207046,1.8264436609252064,7.639314288366616,Big South,Mid/Low Major,0.255497472825465,0.21502464468469773,0.22074519787565244,0.2385134968549173,0.3064452983145587,0.35976842071705445,0.29675872639749884
2565,SIUE,14,3.5558841028520884,4.077818590433905,-0.5219344875818166,7.6337026932859935,OVC,Mid/Low Major,0.27318893058913246,0.1447435255991341,0.23239753081725212,0.20617922011756765,0.4155663325237612,0.2937913398175649,0.36705804388794716
399,UAlbany,14,4.7334220018861854,2.8964051938059385,1.837016808080247,7.629827195692124,NA,NA,0.23957517497610584,0.19873004517510334,0.25317834561847835,0.19413191521461043,0.3052388773530751,0.5501630509955351,0.24659669151926203
2032,Arkansas St,22,3.8494798520754796,3.7599138802283143,0.0895659718471653,7.6093937323037935,NA,NA,0.22821508961039227,0.16345897598459905,0.23130263342681207,0.18159250894382145,0.30992228311705117,0.34025743500409944,0.2547990465796776
253,Southern Utah,19,4.883761148149119,2.7229936020492054,2.160767546099914,7.606754750198325,WAC,Mid/Low Major,0.23982220497787649,0.20574461710127212,0.29269021704202,0.15886667743443356,0.24395841423912243,0.2814611912748546,0.2978510990725343
264,Washington,19,4.535199455786098,3.0638927980142356,1.4713066577718625,7.599092253800334,Pac-12,Mid/Low Major,0.2607665560881898,0.21996809210683477,0.30367144627779885,0.19448964304336888,0.2548693694557119,0.3763390344912655,0.3308342295572348
2837,E Texas A&M,12,3.812713124354675,3.7667384109106434,0.04597471344403159,7.579451535265319,NA,NA,0.2605166022898906,0.15992587149472332,0.16341823851012602,0.22264933130800874,0.39783832142491954,0.34931918712864785,0.35875124871167524
2561,Siena,11,2.8318553165794493,4.7313979101889725,-1.8995425936095232,7.563253226768422,MAAC,Mid/Low Major,0.21319330613658088,0.16365419586733407,0.19533673239633575,0.14734878500236293,0.20268344353569856,0.4574047856341467,0.3569433738811731
290,GA Southern,21,4.574575135316337,2.9856288737461374,1.5889462615701997,7.560204009062474,NA,NA,0.2566004542263341,0.2158107362327708,0.23179317475992195,0.25353094944674076,0.2966299215323899,0.38698188155725166,0.285237489159847
2330,Le Moyne,10,4.28251239463804,3.275129346360162,1.007383048277878,7.557641740998202,NA,NA,0.2195629313255404,0.14489020951896414,0.23868651828627332,0.20724700775592497,0.20130553157973718,0.3737217272638676,0.30568538948680235
71,Bradley,19,4.6922680983423914,2.8434391720077197,1.8488289263346718,7.535707270350111,MVC,Mid/Low Major,0.2661095033617904,0.19082924413763347,0.2678850973437954,0.24115625229675205,0.3448751384934906,0.35456096084639144,0.28580178453728045
2066,Binghamton,18,2.977956357113059,4.543094660521387,-1.565138303408328,7.521051017634446,America East,Mid/Low Major,0.234708219334128,0.17816782665460107,0.21480437405217448,0.19370211515606967,0.2135054174043269,0.2706951729257051,0.3733613634034679
2750,Wright St,10,4.425184569653292,3.0586954286638943,1.366489140989398,7.483879998317187,Horizon,Mid/Low Major,0.26287792930563586,0.16984625527129776,0.226306169423483,0.2840782344240969,0.2988979190010385,0.3327393351681125,0.33526106840826314
2579,South Carolina,27,4.7631306228818175,2.710767437864942,2.0523631850168758,7.473898060746759,SEC,Power 4,0.24834883139000763,0.2231548278322218,0.23469251478490677,0.21273585574662435,0.26311563738805294,0.3182246065282794,0.30804532119823236
183,Syracuse,21,3.657726633765311,3.8156543385820565,-0.15792770481674534,7.473380972347368,ACC,Power 4,0.24512339697442187,0.24838609991653327,0.22197484345611634,0.19469776979953934,0.2568027530636815,0.2938331451213839,0.30375551863623895
304,Idaho St,18,4.873447500562999,2.590642569112169,2.28280493145083,7.4640900696751675,Big Sky,Mid/Low Major,0.240289140717619,0.19228405440718455,0.34869835163504975,0.1754896085745543,0.23833372771375266,0.3704679243393133,0.24663996125755372
2710,W Illinois,23,4.116317413252236,3.3463463562318068,0.7699710570204297,7.462663769484044,NA,NA,0.2635277105752286,0.19757189152123458,0.3302487770255502,0.2624083610549526,0.25015216858190464,0.28300764231535486,0.2772573546925011
2546,SE Missouri,10,3.7282542632460762,3.7235903783981548,0.004663884847921462,7.4518446416442305,NA,NA,0.26222614879368755,0.20145181266517442,0.23850745293894737,0.2813331705141793,0.2721893880919229,0.3434386799471591,0.31764891975821374
93,Murray St,24,4.067131093629262,3.3736787693767374,0.693452324252525,7.440809863006,NA,NA,0.23008896734059253,0.13472193268590837,0.23757043008048795,0.22312593870716732,0.2357598511376774,0.3433209300916328,0.31926668409172165
2250,Gonzaga,21,4.276332649494301,3.1486243678843615,1.1277082816099395,7.424957017378663,WCC,High Major,0.25055116681858497,0.2350029633691943,0.24097182269681616,0.1397647085101016,0.2948922043169049,0.29328573017599185,0.34212413519990786
130,Michigan,22,3.5966657559495743,3.8263971348348154,-0.2297313788852411,7.42306289078439,Big Ten,Power 4,0.2174300661971446,0.1560303391082875,0.21664381316618336,0.17058501374701396,0.27973784630590115,0.3030568368799857,0.26415331865833713
62,Hawai’i,16,4.796513699879024,2.6218917325011484,2.1746219673778757,7.4184054323801725,Big West,Mid/Low Major,0.26228783246775444,0.20664307050814254,0.2821166901335597,0.20797117840231777,0.32184749419773767,0.36957356893628557,0.29286072909701455
322,Lafayette,10,3.487916465157742,3.9293223702404636,-0.4414059050827217,7.417238835398205,Patriot,Mid/Low Major,0.2733367916694493,0.12965130851612575,0.3462729789707758,0.2150149988417574,0.33248119529823494,0.39280713771465453,0.3432634767203525
2628,TCU,25,3.8925128620198013,3.5201578823046438,0.3723549797151575,7.412670744324445,NA,NA,0.26379831226165046,0.15481466068564875,0.27230297851037033,0.20805062578913258,0.31954245896149075,0.3785555650035736,0.36428083736160977
61,Georgia,21,3.929758657470764,3.47846578425285,0.451292873217914,7.408224441723615,SEC,Power 4,0.24636400110636603,0.17762592979074515,0.23053137289439612,0.24671457325566548,0.2619776536512337,0.3441830400484759,0.31497047593978966
2483,Oregon,19,3.7450395183431233,3.66029455152028,0.08474496682284327,7.405334069863404,Pac-12,Mid/Low Major,0.23840527832047018,0.20322620446813006,0.20777169048614452,0.16948735247437682,0.27028256557429303,0.35196933681491527,0.34125857859940645
161,FDU,24,3.755797293428853,3.6253079975373073,0.1304892958915458,7.38110529096616,NA,NA,0.2608200578827219,0.17268692444809497,0.24637739056178992,0.17795491166099964,0.38098461805221284,0.44044811559750285,0.32609644469051213
201,Oklahoma,21,3.3242418629225434,4.049109854139005,-0.724867991216462,7.373351717061549,Big 12,Power 4,0.2275280439519895,0.1571721388279569,0.20132147209838744,0.15005362715900933,0.29932044070521063,0.273560603251645,0.3297725409693832
3084,Utah Valley,13,4.1449657743370825,3.2269930443851083,0.9179727299519742,7.371958818722191,WAC,Mid/Low Major,0.22167586521067448,0.20729874915329888,0.15206844449347823,0.215402205711955,0.274516152705393,0.35943303742783184,0.25909377398924727
2287,Illinois St,16,4.444432648633267,2.9255438988442557,1.5188887497890113,7.369976547477522,NA,NA,0.22709321712109135,0.20400368039457473,0.18379922307740384,0.23068670184324752,0.233305174104161,0.39451543968698294,0.2836713061860696
116,Mount St Marys,13,3.5125159921419096,3.854289398266778,-0.3417734061248683,7.366805390408688,MAAC,Mid/Low Major,0.2390376318916198,0.2328491175076995,0.1908400231394829,0.12427286430090359,0.3249343784030535,0.2939691081743957,0.3222917761069596
213,Penn State,10,4.426535749729827,2.929384608489411,1.497151141240416,7.3559203582192385,Big Ten,Power 4,0.24774711347739112,0.18252966696424067,0.17913465060291112,0.21005947561891442,0.35730990927039474,0.34829473688688156,0.3097018649304947
2550,Seton Hall,18,4.162078683787836,3.181428883091325,0.9806498006965114,7.343507566879161,Big East,High Major,0.2363013741338615,0.1698893369541692,0.22116251437614196,0.1750103404401303,0.2764934560635707,0.43959950078847376,0.3389512228352954
238,Vanderbilt,25,3.4776900674823388,3.846884463266952,-0.3691943957846133,7.324574530749291,SEC,Power 4,0.23464113733186007,0.1736298743423177,0.24533114098197562,0.19694640509500855,0.26311280741689136,0.38277697731043503,0.2941854588231071
218,Temple,12,3.75768233127835,3.564694760677632,0.19298757060071825,7.322377091955982,AAC,High Major,0.22261749473191744,0.18595323370784278,0.22726543796206028,0.17620152263711047,0.2707581762987753,0.2976535516417186,0.25290910305379843
349,Army,21,4.076373182981206,3.2145605722936605,0.8618126106875459,7.290933755274867,Patriot,Mid/Low Major,0.2427289392930673,0.1908190884970261,0.20873211459493846,0.20816697728781777,0.3167162153297631,0.4040566535181248,0.2892103007557911
227,Rhode Island,24,4.289929979190354,2.9965865774747424,1.2933434017156111,7.286516556665096,Atlantic 10,High Major,0.262419014024667,0.22730736127683915,0.2982189471288573,0.19902529038875316,0.23693710484086677,0.26864350139834126,0.35060636648801846
87,Notre Dame,18,4.388072846349938,2.8944267901784992,1.4936460561714386,7.282499636528437,ACC,Power 4,0.24323959260185915,0.16266822853165566,0.2398337169127202,0.26234888953381164,0.30909640276152817,0.2907447923314007,0.24225072526958003
5,UAB,10,3.7488503142455625,3.517565952616155,0.23128436162940735,7.266416266861718,C-USA,Mid/Low Major,0.2532603839834796,0.16735406599222313,0.212245321146314,0.142697606139938,0.33933751606692,0.46510973618274265,0.40466741057200284
2352,Loyola MD,12,3.194785068720407,4.06916993571067,-0.8743848669902632,7.263955004431077,NA,NA,0.2518766036613362,0.1756903594431808,0.2060012686869548,0.1660753441264816,0.36880606929364457,0.40162951994677293,0.34280997675641905
236,Chattanooga,18,4.075874205692773,3.1847037400777194,0.8911704656150534,7.260577945770493,SoCon,Mid/Low Major,0.2505760089156189,0.2207817123262763,0.26795762384025673,0.1772799390293025,0.2921404432464865,0.31802463710607987,0.29472032613577237
2633,Tennessee,16,3.117533705629888,4.093509041925767,-0.9759753362958787,7.2110427475556556,SEC,Power 4,0.21732080262104797,0.1736663137360294,0.28936168733626,0.13332521684130508,0.17133136287712927,0.32409187151038754,0.3189194323145161
2653,Troy,23,3.7767723313457573,3.4248131217974063,0.351959209548351,7.201585453143164,Sun Belt,Mid/Low Major,0.2508421779429918,0.17034157369448538,0.30380013840918835,0.17128817995401519,0.2725647900538575,0.29494323773483355,0.3362162076034125
2617,SF Austin,20,5.005357482724593,2.1842792820776387,2.821078200646954,7.1896367648022315,NA,NA,0.2394728259240261,0.1713261485148616,0.2559972682550178,0.21287235092948464,0.31382797200958584,0.32057851699025164,0.2433403899111807
2390,Miami,15,4.597903309178682,2.5868306097462397,2.0110726994324426,7.1847339189249215,ACC,Power 4,0.27743370077169577,0.18961958487121833,0.28092373896698375,0.20548212184033585,0.3937514385532923,0.30115843830876066,0.31739161962664864
2329,Lehigh,15,4.118801573025371,3.0559338796049977,1.062867693420373,7.174735452630369,Patriot,Mid/Low Major,0.23690108819769512,0.15692089323794722,0.17855659967119963,0.20956020985766904,0.3352391854400515,0.37220273244393165,0.30422855278160826
158,Nebraska,17,3.3878505728444126,3.7748556439602234,-0.38700507111581084,7.1627062168046365,Big Ten,Power 4,0.24325047068708575,0.15971874157100197,0.2259432497667882,0.19655765236470657,0.30485615779877795,0.3669957510196308,0.32917655193415407
99,LSU,24,3.34891574591195,3.810695374563791,-0.4617796286518412,7.159611120475741,SEC,Power 4,0.2196878025906164,0.189242259529211,0.16920615958630345,0.1742240871553073,0.24112003378435531,0.277855705244452,0.324646472897905
228,Clemson,19,4.695860686152158,2.4608635968150607,2.234997089337097,7.156724282967218,ACC,Power 4,0.250733973356067,0.1929028730023144,0.2594232487459891,0.2049109413318752,0.27970108776468317,0.46403894132102375,0.31673171593547317
2540,Santa Barbara,18,4.008862075576877,3.1301596855301184,0.8787023900467585,7.139021761106996,NA,NA,0.2651025710342074,0.18277802344914118,0.2773363941431898,0.24327165860280503,0.2956286602534501,0.3738582737577759,0.32649811872245105
2294,Iowa,22,4.098309269237671,3.036869493050683,1.0614397761869876,7.135178762288354,Big Ten,Power 4,0.23530817359036799,0.18989374195016306,0.20389967450036378,0.20033078011363437,0.26242340535920117,0.3703507322830551,0.31999326602847755
2747,Wofford,16,3.8698769152117576,3.2626105537846324,0.6072663614271252,7.1324874689963895,SoCon,Mid/Low Major,0.2735132432069809,0.17917775994384916,0.3303407654222323,0.17712929067330993,0.33902881543396585,0.4564732552338213,0.3418895845615472
284,Stonehill,10,4.133124751034003,2.9988134834553613,1.1343112675786413,7.131938234489364,NEC,Mid/Low Major,0.2533916537385979,0.18089640440035254,0.2635244831214071,0.19229931039995962,0.29706293441960185,0.5972869889726556,0.3331751363516683
219,Penn,15,2.870653867400651,4.259821252749538,-1.389167385348887,7.130475120150189,NA,NA,0.2345408556941845,0.1571846905532274,0.2193125487971929,0.18438504637241793,0.2533397165871305,0.37354259398879425,0.35848227616095385
2754,Youngstown St,21,4.259092802934019,2.8486880832433785,1.4104047196906402,7.107780886177397,Horizon,Mid/Low Major,0.2509089356488615,0.17850274958362494,0.24437982933456992,0.26153830517445176,0.2679303892124063,0.38441201441453454,0.30219340493925473
48,Delaware,12,4.754800250971358,2.340272615756958,2.4145276352144,7.095072866728316,CAA,Mid/Low Major,0.2604173400566647,0.23115634106795124,0.27980676329984294,0.25392799052043763,0.308034544019961,0.3045742632342051,0.22916106137513095
294,Jacksonville,20,4.011450714403577,3.076598556359988,0.9348521580435891,7.088049270763565,ASUN,Mid/Low Major,0.23191890373702784,0.18991630067332246,0.23022384528778717,0.19817997837929677,0.27191831729746696,0.31827696316813875,0.26935607704726583
2737,Winthrop,13,3.227488736365608,3.8541892223631318,-0.6267004859975236,7.08167795872874,Big South,Mid/Low Major,0.2359812447928326,0.21510945483857483,0.2298510084217964,0.19164758696575904,0.24453802481955783,0.29177925140399646,0.2987601489184749
8,Arkansas,11,3.8085620382463286,3.2626372644599133,0.5459247737864152,7.071199302706242,SEC,Power 4,0.2448507685133884,0.25643438708153027,0.23300479321805712,0.1740473857504954,0.20005560751243112,0.33026836049340635,0.3607116690044282
2117,C Michigan,16,3.550205432231475,3.5206848931670853,0.029520539064389784,7.07089032539856,NA,NA,0.23880391103507848,0.23541012633214647,0.2177156343448502,0.1535983528103528,0.2927022647352434,0.35237506856619116,0.2945931769527995
2608,Saint Mary's,15,4.512783307578084,2.5533668070539832,1.9594165005241004,7.066150114632067,NA,NA,0.26281629775775267,0.25524587281730843,0.261521880029548,0.20292070708553922,0.2942124545425782,0.3506951819414588,0.3001805743137894
292,UT Rio Grande,17,4.464697719206869,2.574976226562342,1.8897214926445272,7.039673945769211,NA,NA,0.2611564078116842,0.21967044991874257,0.27655069298682233,0.18606247330097242,0.2860131987933722,0.4196898416865993,0.33748522405851156
259,Virginia Tech,21,3.4940857334218673,3.526796039923886,-0.03271030650201867,7.020881773345753,ACC,Power 4,0.24699127791035946,0.24281776657211165,0.23781518198515533,0.15896426313462492,0.2814042543540106,0.3078229390582329,0.31395492350589477
239,Baylor,24,4.047474375557247,2.9560378293065983,1.0914365462506486,7.003512204863846,Big 12,Power 4,0.24441104418906592,0.18657658617921805,0.18965043161177986,0.1849585082177332,0.29892939183924266,0.41840045914964513,0.36194030309735586
2182,Drexel,17,3.594709015326811,3.400199156848573,0.19450985847823787,6.994908172175384,CAA,Mid/Low Major,0.259159617012652,0.225712497848525,0.23013186672516683,0.19408922059307204,0.28868960014345263,0.33114033508188356,0.35717489975304356
2393,MTSU,14,4.887324795433524,2.089265800028848,2.7980589954046757,6.976590595462373,NA,NA,0.24313982368368692,0.2064683047876417,0.23400678335724834,0.2220743103408621,0.35200547794931436,0.5086106795767117,0.2011442419833681
333,Alabama,21,4.44476857297871,2.5088010864512658,1.9359674865274439,6.953569659429975,SEC,Power 4,0.2497947689519081,0.16819166934657467,0.2973266755364738,0.20029995692598548,0.2809298653018266,0.40315651520560625,0.3022256776486799
2641,Texas Tech,24,2.6986674096262377,4.24069610857118,-1.5420286989449425,6.939363518197418,Big 12,Power 4,0.21183825832423311,0.15322034787089112,0.20510413673817088,0.18330391992200484,0.2035473369762056,0.4105715607987796,0.3140155501138931
311,Maine,15,3.537193153376451,3.400882405099465,0.13631074827698608,6.938075558475916,America East,Mid/Low Major,0.2586428958858463,0.18190702928887886,0.3063173169839436,0.23322066359812307,0.2835415290141076,0.330556396435397,0.28822794054417855
2011,Alabama St,14,3.324021339230925,3.5965764367364423,-0.27255509750551754,6.920597775967368,NA,NA,0.22476561642724457,0.19210629603387047,0.2092113295139607,0.20046034094985626,0.23252419281699954,0.29901872669015517,0.2895259228215359
2405,Monmouth,18,3.6493133674047695,3.2710976195362482,0.3782157478685213,6.920410986941018,CAA,Mid/Low Major,0.23687296291070037,0.22883649173577592,0.20194264854219235,0.18436629761416187,0.23200089199910096,0.37582878552833593,0.3372184846622708
2439,UNLV,18,3.9278994748665577,2.989625521854946,0.9382739530116115,6.917524996721504,Mountain West,High Major,0.27216494856719015,0.19922215649405056,0.26235887694898724,0.23886109645323017,0.2941548250113835,0.5448085562843642,0.3662277879282992
2166,Davidson,18,4.445424441214333,2.4698080600081447,1.975616381206188,6.915232501222477,Atlantic 10,High Major,0.22762460747600183,0.20391425789121798,0.18796070579742896,0.20764177329042138,0.2650272513506137,0.37918916632148747,0.27357904905032715
326,Texas St,11,4.078528070921583,2.8308216296202384,1.2477064413013443,6.909349700541821,NA,NA,0.2521587099355063,0.28638179210715053,0.25405820245258076,0.1769654549148309,0.253868201393857,0.3191500712319192,0.28951989880911244
2005,Air Force,12,3.224868211607364,3.6812968086223847,-0.4564285970150208,6.906165020229748,Mountain West,High Major,0.23832567487005527,0.15893962386239785,0.2459242707113462,0.14618803121582064,0.351707860503762,0.4761551560426564,0.28886858805694965
150,Duke,20,3.2910786071596627,3.587574435222042,-0.2964958280623793,6.878653042381705,ACC,Power 4,0.24577868398780023,0.17969487204808499,0.24425427383198417,0.17915039549048162,0.2837954393352513,0.34819858455793906,0.34199843923319906
2335,Liberty,14,4.0818858317158755,2.7963068188353324,1.285579012880543,6.878192650551208,ASUN,Mid/Low Major,0.2525586312905565,0.17928811537821504,0.2562486008152289,0.15970606457333728,0.35448240541670417,0.48905657100452526,0.31306797026929717
2449,N Dakota St,25,3.44341682406121,3.4033942936075303,0.04002253045367965,6.84681111766874,NA,NA,0.2316016840021336,0.20127736022246412,0.29775135927341156,0.15622883353975192,0.19274669479951978,0.45157994765697335,0.31000417217552056
38,Colorado,20,3.621100374636691,3.218373825159682,0.40272654947700914,6.839474199796373,Pac-12,Mid/Low Major,0.23189891652272093,0.21121993872586858,0.250291823459325,0.15547043584449532,0.25448997294753983,0.27969078485347004,0.2880224116363759
2057,Belmont,16,2.8041746270039343,4.029459842209254,-1.2252852152053193,6.833634469213187,MVC,Mid/Low Major,0.2143288812574954,0.17441978139134112,0.18712106572218157,0.19166455521437303,0.22709273317149403,0.3485944574720724,0.29134627078808734
2535,Samford,12,3.7800157609685687,3.036121197680036,0.7438945632885328,6.816136958648604,SoCon,Mid/Low Major,0.25884907236762056,0.13691071488012752,0.24118871457948637,0.24950508889025275,0.3799187660358202,0.35285030859148486,0.286722077452416
154,Wake Forest,14,4.735610782983747,2.073768220869946,2.6618425621138004,6.809379003853692,ACC,Power 4,0.2596499077807985,0.20060205080672,0.22240324404691572,0.20845139662614925,0.3242838690088332,0.4048163691321608,0.3425089784153742
258,Virginia,19,3.443347957404362,3.351220782036592,0.09212717536777015,6.794568739440955,ACC,Power 4,0.2380849197487052,0.18003696859438148,0.2191584486020287,0.1734789249873131,0.3151078888392103,0.2777867568801017,0.30264236772059233
68,Boise St,22,3.973782264602465,2.817467360554166,1.1563149040482994,6.791249625156631,NA,NA,0.23014891833611728,0.20519645359493693,0.21325190659270066,0.1972894595518292,0.24397358096667976,0.3838060336639687,0.29103319097443986
45,G Washington,14,4.107601621852401,2.674962942516694,1.4326386793357075,6.782564564369095,NA,NA,0.25405761696412077,0.18678704367658,0.31840158863509294,0.1848425443807003,0.26750879483869566,0.38078824405903344,0.3127481132895349
2086,Butler,10,4.693224205493784,2.032792632903314,2.6604315725904697,6.726016838397097,Big East,High Major,0.22848667953080576,0.1808843521601585,0.16172514701103394,0.25011180417134715,0.25821733705160343,0.47079489174510175,0.2914947572598857
2244,George Mason,19,3.478638334929507,3.2328344529368978,0.24580388199260916,6.711472787866405,Atlantic 10,High Major,0.26162513991274605,0.18506314216577346,0.29059024922058085,0.18704740752824184,0.33761536472479275,0.41294085604054565,0.30780953592434124
2253,Grand Canyon,10,3.738342586993242,2.970925082471742,0.7674175045214997,6.7092676694649835,WAC,Mid/Low Major,0.21432109037607527,0.20828836162350745,0.2133554943362548,0.18977010563768335,0.20149193884598662,0.2569434256839468,0.2586995514369442
338,Kennesaw St,12,2.9260674612997457,3.7829372698973285,-0.8568698085975828,6.709004731197075,NA,NA,0.2618882503931961,0.22069310836844303,0.23138655570836447,0.16916407069894832,0.38453458537259044,0.2871699784148235,0.30366293181763426
344,Mississippi St,18,3.9670851660583746,2.7234686944843247,1.2436164715740499,6.6905538605427,NA,NA,0.25697814813258624,0.21502070628794023,0.2882808432422208,0.17380800363922835,0.25692854914127744,0.36182744394746313,0.3508526383522642
2447,Nicholls,12,3.793404600704479,2.888909158225081,0.9044954424793978,6.68231375892956,NA,NA,0.22424910569638593,0.17445653991402793,0.26433976185837016,0.18186700367785996,0.225160811834125,0.24806023746559025,0.27542141119754654
2458,N Colorado,20,3.41808718400817,3.259448096267961,0.15863908774020885,6.677535280276131,NA,NA,0.21670035196494886,0.1824093347857905,0.2491615873709334,0.15517922078511537,0.21429661703274305,0.41854381427679693,0.2824549998501619
2433,UL Monroe,12,3.2082314267513357,3.4630603133503324,-0.2548288865989967,6.671291740101668,NA,NA,0.2360192623318893,0.20949571339990633,0.284017530788632,0.17341911329343965,0.22276457057973448,0.3713636553665166,0.290399383597734
302,UC Davis,21,3.7368374960850774,2.9295306156735736,0.8073068804115038,6.666368111758651,Big West,Mid/Low Major,0.23613589761666237,0.15660903572216003,0.21872730135525947,0.2263412476275083,0.2721806682696109,0.43937735463389727,0.3068212351087732
2184,Duquesne,10,4.127092337175673,2.528784655513037,1.5983076816626363,6.655876992688711,Atlantic 10,High Major,0.23946122972026446,0.24299351610722494,0.2934317340966023,0.15925193073890825,0.19597243829777178,0.47929008130159273,0.30565652936081505
2385,Mercyhurst,11,4.19263113247972,2.462240288425621,1.730390844054099,6.654871420905341,NA,NA,0.24401009445972796,0.147163844388166,0.2606883238705358,0.23786650719871655,0.33869024502462824,0.4557476179702828,0.23564155181659327
108,Harvard,15,3.564034347971856,3.076490611748681,0.48754373622317493,6.640524959720537,Ivy League,Mid/Low Major,0.24476344448308526,0.2228405517514766,0.24546950157214142,0.1321735409036491,0.3353883422829807,0.32178665077530366,0.2879452859051784
195,Ohio,15,3.7448646042433706,2.8581828744261366,0.886681729817234,6.603047478669508,MAC,Mid/Low Major,0.21758168672247186,0.16992129251852023,0.2043704127386382,0.2092610829417538,0.2581951999985824,0.29582647789991345,0.24616044541486468
222,Villanova,22,3.105140739419033,3.4893866929763844,-0.38424595355735125,6.5945274323954175,Big East,High Major,0.27559999896077314,0.18130283527999738,0.21420626494130252,0.1885215372825506,0.48282325316872315,0.3313370634298921,0.31114610413129196
2539,San Francisco,16,3.1765191525860232,3.4102737019468923,-0.23375454936086904,6.5867928545329155,WCC,High Major,0.2347911116089535,0.17279244273940997,0.1841301491739007,0.14544103930874133,0.33629537246888347,0.2870167650021187,0.335296554353832
2771,Merrimack,16,3.663349419990108,2.9171919868959653,0.746157433094143,6.5805414068860735,NEC,Mid/Low Major,0.24892965447225568,0.17332577132047494,0.22230062502945136,0.23062623030791646,0.2958991142022609,0.3643118105988677,0.32249653150117474
6,South Alabama,10,3.622520779121354,2.953933501986416,0.6685872771349377,6.57645428110777,Sun Belt,Mid/Low Major,0.23761096965807685,0.1515110164808718,0.29278198857260784,0.12541741943140436,0.33512376002438915,0.2676249779237209,0.28322066378111105
41,UConn,29,3.117064345434148,3.4517433604398,-0.3346790150056518,6.568807705873947,Big East,High Major,0.23518357607189125,0.18940875428556775,0.19842904139215986,0.196114899792217,0.27318218213721485,0.2637575675960998,0.31878300275229676
2636,UTSA,12,3.164992023957363,3.4017157722402516,-0.23672374828288856,6.566707796197615,NA,NA,0.24364716198545483,0.22640572591945615,0.23539061465610722,0.1657351062210324,0.26447817052811917,0.3594172796710512,0.32622619260255914
26,UCLA,27,3.5291199257548493,3.036703145103819,0.49241678065103045,6.565823070858668,Pac-12,Mid/Low Major,0.2382700537219799,0.18927056628794775,0.22432177382142793,0.15768211352895423,0.2518574286396455,0.34296500148985043,0.36821838633192405
2429,Charlotte,12,3.1618307917939323,3.3954511577184756,-0.23362036592454327,6.557281949512408,C-USA,Mid/Low Major,0.2595974251978336,0.21212381443624007,0.22841693359686066,0.13320633073307,0.3276901574558041,0.24731182095667203,0.3965498897671932
2509,Purdue,12,2.2640335616590606,4.292640848052579,-2.0286072863935183,6.55667440971164,Big Ten,Power 4,0.21873102889369356,0.1320112558881721,0.15156817198663064,0.18435981244137678,0.23255944133843964,0.4340097030091008,0.39315646281384864
56,Stetson,18,3.6474496971208423,2.908551204746028,0.7388984923748145,6.55600090186687,ASUN,Mid/Low Major,0.240619303593051,0.16502992664103744,0.2583683248185883,0.22019729204515612,0.3150767069512288,0.3218795773315691,0.2444242675092444
2426,Navy,19,3.2392386083507843,3.2993367741193023,-0.06009816576851801,6.5385753824700865,Patriot,Mid/Low Major,0.256300775884814,0.17481896464819335,0.25166154101546934,0.17469462683448356,0.33630148584538533,0.36691847875913214,0.3440272610805384
2755,Grambling,10,2.6514419924902097,3.827647459756087,-1.176205467265877,6.4790894522462965,SWAC,Mid/Low Major,0.23277174578266133,0.16579408625674186,0.30751464934035033,0.18179716000353013,0.24957783332210026,0.3565934309626363,0.259174999990584
151,East Carolina,20,3.2220853450034004,3.2547477723695,-0.03266242736609959,6.4768331173729,AAC,High Major,0.21872460281477962,0.17186045617359197,0.27022363670850114,0.17842680236929503,0.22960704488846564,0.27393593936154087,0.24350507393404427
2305,Kansas,17,3.457006574291397,2.9776280329251223,0.47937854136627456,6.43463460721652,Big 12,Power 4,0.22008430759263778,0.17296863461482367,0.21313399320071288,0.20947665604423635,0.22652824990502587,0.3467211635485304,0.2783140041983901
2514,Quinnipiac,22,3.947756417078061,2.4852441497907884,1.4625122672872726,6.4330005668688495,MAAC,Mid/Low Major,0.2603560413554699,0.18414006163468424,0.2349993501321549,0.17413252863074946,0.4232819524890405,0.3916256782318668,0.2852263138907204
2541,Santa Clara,21,2.966454152025276,3.46314513185334,-0.4966909798280641,6.429599283878616,WCC,High Major,0.2444678133491794,0.15043915733244262,0.2739036947097899,0.20640068431549072,0.2685364654576998,0.3894979563703379,0.323059064930474
2193,ETSU,15,3.462334556897506,2.954262816629296,0.50807174026821,6.416597373526802,NA,NA,0.25316599584467603,0.21986274052485216,0.23747927851513106,0.17225326193667595,0.31064567610769195,0.524513736985516,0.32558902213902896
94,N Kentucky,14,3.6958117364533485,2.7081905634477708,0.9876211730055777,6.404002299901119,NA,NA,0.23795310288490162,0.17072318637540285,0.31765310568600347,0.15187868679155703,0.2570207015195672,0.4136260108274183,0.29248983405197765
135,Minnesota,21,3.0629414297089452,3.3393018362227553,-0.2763604065138101,6.4022432659317,Big Ten,Power 4,0.2564448066790581,0.1708142312855321,0.2712312029925897,0.13016000537834174,0.3561815875269315,0.39853717787829746,0.35383700621189557
275,Wisconsin,13,2.818510410050304,3.5681057154746583,-0.7495953054243545,6.386616125524962,Big Ten,Power 4,0.2224261888319098,0.1242525893128901,0.23349049486055293,0.18329919451513615,0.24394119046534468,0.3881679615995133,0.327147475005625
198,Oral Roberts,14,2.9453557721795587,3.4372747622085784,-0.49191899002901973,6.382630534388137,Summit League,Mid/Low Major,0.22746682596111262,0.1788624639487278,0.24428510938691977,0.19189466078644807,0.22857363787587578,0.2853244291434176,0.29371825780759164
257,Richmond,23,2.9937665327019523,3.382437190893719,-0.3886706581917667,6.376203723595671,Atlantic 10,High Major,0.24586913710637417,0.13011604136512112,0.20430518050034366,0.21181289538179643,0.34054960479771285,0.3593076931094825,0.3425619634868968
261,Vermont,23,3.0399924614832963,3.31850425512371,-0.2785117936404138,6.358496716607006,America East,Mid/Low Major,0.26189074353547365,0.1839258089077841,0.2992546676677562,0.2002276230856126,0.28402881604957153,0.43672691751312,0.34201680196664386
250,UT Arlington,10,3.3403261798407495,3.015412785166471,0.3249133946742786,6.3557389650072205,NA,NA,0.22881657458250407,0.21342142474500508,0.18514898669935007,0.18055310626245333,0.2568745024672125,0.3808528976731854,0.3080848527384994
324,Coastal,13,3.885438150107845,2.4633339524107067,1.4221041976971383,6.348772102518552,NA,NA,0.2171958781950624,0.14974501858393247,0.2605374165094965,0.18843580008898095,0.22858554748335846,0.3006614723645146,0.2586756083095435
24,Stanford,17,3.672820987292072,2.6747332365124015,0.9980877507796704,6.347554223804473,Pac-12,Mid/Low Major,0.24142747666251985,0.21672936475619178,0.23739474447062986,0.17448294979613524,0.2425650610053175,0.3028509831602021,0.33596526328432486
179,St Bonaventure,15,3.6634998098046427,2.6818019098611368,0.981697899943506,6.3453017196657795,Atlantic 10,High Major,0.2570107206525069,0.15193128345031198,0.24833725033327447,0.2428525147064094,0.32806140249635535,0.2993104421157703,0.3138711522761833
46,Georgetown,13,3.1664527116279455,3.1780935030495345,-0.011640791421589025,6.3445462146774805,Big East,High Major,0.2200369389844038,0.15315516527136744,0.21144597638315046,0.16383874792104106,0.2788924629690278,0.28886928135994927,0.29285234237743224
254,Utah,17,4.067774024916196,2.270477460407655,1.797296564508541,6.338251485323852,Pac-12,Mid/Low Major,0.24923893269150885,0.14600374038983283,0.1994472347214994,0.23032726467544573,0.40590740858824836,0.4395633661149238,0.26450901508251795
84,Indiana,15,3.7679245948412388,2.5321159602110574,1.2358086346301813,6.300040555052297,Big Ten,Power 4,0.2569218422074201,0.16320593507816025,0.2895257670641451,0.25008445072996566,0.23672103990692495,0.2923007378054737,0.34507201825790434
2739,Green Bay,21,4.019285323359478,2.2565433390809373,1.7627419842785406,6.275828662440415,Horizon,Mid/Low Major,0.24804155084000865,0.1883046996387395,0.21860931913529535,0.2423449985982989,0.288587981680005,0.4390965112167256,0.30236075514770444
47,Howard,20,3.3159124246654015,2.9453547488169347,0.37055767584846677,6.261267173482336,MEAC,Mid/Low Major,0.23140565879324937,0.19044446732036963,0.2431567866978224,0.19895886039551397,0.24248242425971123,0.34545300759548037,0.2819857552928296
2627,Tarleton St,12,2.799266609678448,3.451757179057789,-0.6524905693793408,6.251023788736237,WAC,Mid/Low Major,0.24742938628488037,0.2004910916478646,0.24306204729117814,0.19327068904526773,0.2502842170957503,0.40053777572291666,0.35003888634434105
245,Texas A&M,12,3.784286232764464,2.4666820575372572,1.3176041752272067,6.250968290301721,SEC,Power 4,0.22589108918070705,0.1887567670287454,0.2131181407240109,0.1661306071238332,0.31034867198535776,0.4011597076633849,0.251101259041588
2168,Dayton,14,3.290229634781619,2.9344472357905453,0.35578239899107356,6.224676870572164,Atlantic 10,High Major,0.22646131952099263,0.17497383212175915,0.19371278029742173,0.19674096599664667,0.2703921394642139,0.3721512243134304,0.2964868797249217
269,Marquette,16,4.10203230044232,2.1166614066644276,1.9853708937778927,6.218693707106748,Big East,High Major,0.23965954407151885,0.19474898461770945,0.23202517107313436,0.18740782118401034,0.2871879214687602,0.3516765149791628,0.2969278220139798
2029,AR-Pine Bluff,11,3.2444654617375748,2.964099111585886,0.28036635015168887,6.208564573323461,NA,NA,0.21804811090541448,0.19874994838630686,0.23388470385866056,0.18663573906545483,0.24088527275597152,0.34314823701237795,0.23008489046067865
119,Towson,15,2.7164002600573074,3.4847570173846045,-0.7683567573272971,6.2011572774419115,CAA,Mid/Low Major,0.2231421514981987,0.1476542032845295,0.21433396424756543,0.18057653219571118,0.2825471701126804,0.34843395707992175,0.290598887650507
2885,NJIT,17,3.470382785244751,2.729746068474498,0.7406367167702528,6.200128853719249,NA,NA,0.25974137431992816,0.1735984405492357,0.29299452009799537,0.16718267995835956,0.3425628789691336,0.3358392481456427,0.32236835202491665
70,Idaho,23,3.146716953745348,3.0369418498096263,0.10977510393572176,6.183658803554975,Big Sky,Mid/Low Major,0.2394464853612096,0.16740251353792285,0.26602261497554563,0.17577254338413828,0.28176705823807197,0.31656902273401133,0.30626769667036924
12,Arizona,11,2.9311971584634864,3.251003667936409,-0.3198065094729228,6.182200826399896,Pac-12,Mid/Low Major,0.21471458524340478,0.21121401621609975,0.1870119381877861,0.19034184553339256,0.1911125565795378,0.3080041496259558,0.2938925697002077
2350,Loyola Chicago,13,2.173255169355935,3.994730397051107,-1.821475227695172,6.167985566407042,Atlantic 10,High Major,0.23759458502567013,0.15709462153398862,0.2735057479145272,0.21632040942142078,0.23198011210349515,0.3782140998331436,0.30907203415491896
242,Rice,24,3.530324015239849,2.6117542083692418,0.9185698068706074,6.142078223609091,C-USA,Mid/Low Major,0.23303846607521503,0.1697612972531144,0.23085356897106563,0.19028570201139275,0.30126141810489043,0.3554847854876134,0.273030344035612
25,California,17,3.741911400948987,2.3866426853982663,1.3552687155507206,6.128554086347253,Pac-12,Mid/Low Major,0.23536070269780793,0.17502166279560263,0.21633776309880837,0.20667649640739877,0.2960940976415048,0.2975477196436862,0.28267349354572513
57,Florida,16,2.43095615796054,3.6888129538813383,-1.2578567959207985,6.119769111841878,SEC,Power 4,0.2158878369103083,0.20440769765409988,0.23349815100265076,0.1557373763918054,0.18428038403772873,0.42661387438279236,0.30151557546525676
163,Princeton,21,2.7106559801326044,3.4073465399037204,-0.6966905597711159,6.118002520036325,Ivy League,Mid/Low Major,0.21747049890973688,0.1403930912290489,0.19710262807451637,0.17006678387290022,0.2559612696184317,0.38704820724707556,0.32382872175378724
2450,Norfolk St,14,3.4823882611458834,2.6063665856519345,0.8760216754939489,6.088754846797817,NA,NA,0.22008920984233823,0.1719144236131281,0.21423361223012952,0.18376142102083273,0.2860379232480626,0.294299117667158,0.2444986690995382
21,San Diego St,22,2.6749795769525337,3.4042717326133887,-0.7292921556608549,6.079251309565922,NA,NA,0.2363631881614791,0.15410364206030536,0.21871041632431842,0.20503142746784186,0.28289766102378955,0.4268073243941254,0.32107279393114035
167,New Mexico,19,3.0333427818332876,3.031906568445804,0.0014362133874836758,6.065249350279092,Mountain West,High Major,0.2327124653243556,0.1809532828779351,0.21433468211785536,0.16389450388464594,0.3067514888177365,0.4668356846058561,0.2976283689236051
2368,Marist,10,3.152684584058815,2.90859883616294,0.24408574789587512,6.061283420221755,MAAC,Mid/Low Major,0.2506971941408998,0.1674477036707946,0.22334037498397075,0.3001381767425963,0.2545610899183952,0.4371697874322562,0.30799862538874223
2856,CA Baptist,17,3.672442956389601,2.3677304804952874,1.3047124758943136,6.0401734368848885,NA,NA,0.23876272623710373,0.16918997256933077,0.2911133779499361,0.20259039249641134,0.2662511426580768,0.32678562752077034,0.26466874551176367
225,Brown,15,3.414038688600924,2.6260065179175256,0.7880321706833984,6.04004520651845,Ivy League,Mid/Low Major,0.2545666982818079,0.13212287790639182,0.2623936396571398,0.15761772473751567,0.4226662454459707,0.4318616306846537,0.2980330036620214
204,Oregon St,20,3.7204749754706588,2.3107085315975535,1.4097664438731052,6.031183507068212,NA,NA,0.2698902842608036,0.17434455389513673,0.2998863784991156,0.19318713386644287,0.30765295729367187,0.3888169904473922,0.37438039774965093
2572,Southern Miss,14,3.244912889183034,2.7493958251440294,0.49551706403900475,5.9943087143270635,Sun Belt,Mid/Low Major,0.23226997160125337,0.1902723437716237,0.22469956690788329,0.18010765787628197,0.30994060281063585,0.3474538635730159,0.2563296866398421
2623,Missouri St,16,2.765645175353666,3.2258861147823916,-0.4602409394287257,5.991531290136058,MVC,Mid/Low Major,0.2231261289244394,0.22828303713901835,0.2182044774567735,0.18391939213613367,0.1830325706167687,0.3708891213148518,0.3021911672735028
2379,MD Eastern,15,2.728446693479308,3.2237407446627175,-0.4952940511834094,5.952187438142026,NA,NA,0.2183054394370404,0.19408179854482777,0.22786801826865927,0.18033969108932832,0.2359644784114298,0.3187096635366661,0.25327321087095683
139,Saint Louis,11,4.180961981101057,1.7500749341211195,2.4308870469799375,5.931036915222177,Atlantic 10,High Major,0.22170255044448756,0.27182956934215463,0.24431168223627286,0.15900944151790847,0.18671994716553042,0.38340030395415003,0.24664211196057145
2464,N Arizona,10,2.0949399433732103,3.8061474834162725,-1.7112075400430622,5.901087426789482,NA,NA,0.2229852024218332,0.12121727492067114,0.24782779567726343,0.1284982276674925,0.2622564920536469,0.3648825826730494,0.3551262217900921
2116,UCF,10,3.7366653767880504,2.128914671706703,1.6077507050813473,5.865580048494754,NA,NA,0.21306764993505906,0.23315588422316508,0.21962957682382306,0.16032207471747467,0.21274893704517028,0.3135372088261923,0.2394817768656622
2649,Toledo,14,3.0712820001298176,2.750590337668171,0.3206916624616465,5.821872337797989,MAC,Mid/Low Major,0.2205091033719709,0.18363327213529482,0.20282832846997886,0.16511983334353053,0.22990656028096385,0.49563178230251503,0.32105752263008647
36,Colorado St,21,3.039220986040198,2.733316928307999,0.305904057732199,5.772537914348197,NA,NA,0.24778663038085205,0.17285586235048922,0.2976073515850675,0.19268539044080313,0.27484987115042714,0.35256401785723945,0.3009346763774733
82,UIC,13,3.0600262859314213,2.693735037249648,0.3662912486817733,5.753761323181069,NA,NA,0.22895852992056756,0.2140156308943461,0.22717419452639495,0.18560939578516278,0.22464823244256849,0.25531393306583694,0.2933451959543654
2655,Tulane,10,2.7868506381304465,2.92294063334705,-0.13608999521660348,5.7097912714774965,AAC,High Major,0.20420040932621525,0.1868979430528347,0.20966889192363752,0.19786981917415752,0.1496234511147914,0.2993723085297665,0.2769419413656551
55,Jax State,13,3.089312649640575,2.609411936217085,0.4799007134234903,5.69872458585766,NA,NA,0.24718322263310005,0.15695158120691854,0.2916020346118767,0.1751347276454139,0.30871350057046176,0.3433788002317885,0.30351426913082935
2026,App State,11,3.651380808030576,2.023966374375047,1.6274144336555287,5.675347182405623,NA,NA,0.23000536879899597,0.15531909111932593,0.2507621673409087,0.1731838307266054,0.2775002196110497,0.408827480964165,0.29326153519709003
295,Old Dominion,17,2.7089513422816838,2.9570535235560778,-0.24810218127439398,5.6660048658377615,Sun Belt,Mid/Low Major,0.20216403464608346,0.193698548744858,0.2046107381969488,0.1543763355969395,0.18780284902073663,0.32702868122031903,0.2703317016709343
2492,Pepperdine,17,3.9975971747563444,1.6364973811364942,2.36109979361985,5.634094555892839,WCC,High Major,0.23207181714860475,0.1730913190192278,0.2525227845944983,0.17395996583096718,0.3184005617521666,0.32753957060938993,0.24238445454616395
2460,Northern Iowa,13,3.8305416155030456,1.754772929149107,2.0757686863539386,5.585314544652153,MVC,Mid/Low Major,0.23748629430218993,0.1947810478740138,0.249775702838337,0.23207665170124595,0.26165641960564584,0.36026304136619947,0.2491416494917071
2132,Cincinnati,11,3.222595067944751,2.348672424053334,0.8739226438914169,5.571267491998085,AAC,High Major,0.21994771675890842,0.19500697560509078,0.28089490623441293,0.1351435712300619,0.2113942196455564,0.328111015764319,0.27729891107942006
2230,Fordham,10,3.0358437739212754,2.5285551912539486,0.5072885826673268,5.564398965175224,Atlantic 10,High Major,0.21922775588275487,0.15655683895483055,0.2572593537029454,0.1565688453265749,0.2883359347035306,0.21786913701527458,0.23741780672589285
2507,Providence,14,3.006813880649745,2.5409896448350424,0.46582423581470245,5.547803525484787,Big East,High Major,0.2261735687384985,0.21124481866200845,0.26542603392160735,0.14447254329919978,0.24229739506567693,0.3138577566964035,0.267427052744
152,NC State,18,3.2820016998266506,2.261177109825224,1.0208245900014266,5.543178809651875,ACC,Power 4,0.2410551180609987,0.21028636900815123,0.25462302515236035,0.18408414811910714,0.2554085908351072,0.28336645422673934,0.30087345719026753
97,Louisville,24,2.5839276440255725,2.916949374892045,-0.3330217308664727,5.500877018917618,ACC,Power 4,0.22020044260326363,0.1574929753366501,0.22192333924666968,0.16426542613659795,0.2642127482651443,0.3646352466771002,0.2931077240312562
113,UMass,19,2.6522012177581775,2.785617402988409,-0.13341618523023158,5.437818620746587,NA,NA,0.21346530440106262,0.14970432448489399,0.229009424886844,0.1683983305260478,0.27369693889482183,0.24623997400284542,0.24651750321270552
256,James Madison,21,3.0938172272803346,2.246519146305732,0.8472980809746025,5.340336373586067,Sun Belt,Mid/Low Major,0.22871379346263038,0.15754430697759392,0.23880015707935007,0.1737980411815073,0.3101883124142284,0.2909754261977048,0.2632381496604722
59,Georgia Tech,12,3.2143701049124465,2.0708751539625414,1.143494950949905,5.285245258874988,ACC,Power 4,0.2353968110334863,0.18209081777055128,0.18819620262901796,0.19087748821454253,0.2972556757615934,0.2502149386763239,0.31856387079172643
107,Holy Cross,18,2.9363752998792236,2.3271183895183345,0.6092569103608891,5.263493689397558,Patriot,Mid/Low Major,0.22577434809698194,0.18892203328125656,0.20516979208926417,0.15071250311832624,0.3067955489583644,0.32116614872904947,0.27727186303769835
2638,UTEP,12,3.2322668518824527,1.9977189984802566,1.234547853402196,5.229985850362709,NA,NA,0.20346913537638944,0.1582536758821981,0.12544430530479794,0.19001542115082817,0.27589928592226365,0.31290875663306955,0.2677329886218594
2325,La Salle,15,3.2691095252567104,1.9028051014416238,1.3663044238150865,5.171914626698334,Atlantic 10,High Major,0.22052971662717558,0.2150286214113549,0.19196960386200268,0.20461238547364302,0.30297497151708247,0.29955911269992697,0.1880630008717948
58,South Florida,17,3.170119784927101,1.9556471105908289,1.214472674336272,5.12576689551793,AAC,High Major,0.20086268975082744,0.21406551372861132,0.19220802850735774,0.18019635290433805,0.20285733498042158,0.3333742483045117,0.21498621863340844
314,Iona,18,2.7994912127818474,2.316796420867604,0.48269479191424347,5.116287633649451,MAAC,Mid/Low Major,0.23204745921112432,0.16095210694146822,0.23495537409094036,0.14568215466270093,0.35815744261544796,0.36279380879218837,0.26049021774506415
2752,Xavier,11,2.907701863638168,2.205274384265251,0.702427479372917,5.112976247903418,Big East,High Major,0.22047096649950576,0.1987073766392751,0.2230519929789802,0.08417416434192648,0.27596692853153815,0.27076442827049874,0.32045437000580884
156,Creighton,13,3.3200896746589756,1.7485127088494337,1.571576965809542,5.068602383508409,Big East,High Major,0.23305305911834062,0.16973645466024015,0.25365072721588056,0.20069255926216442,0.2845244481784373,0.33054648382398144,0.25666110627498073
2453,North Alabama,15,2.776063283562713,2.0281228590768086,0.7479404244859045,4.804186142639521,ASUN,Mid/Low Major,0.21550607608401393,0.15787567753494686,0.20084634885981006,0.20551535100983773,0.2845314671680094,0.33810976375750457,0.22876153584746559
