team_id,team_short_display_name,n_wins,cv_Shooting,cv_Ball_Care,cv_Rebounding,cv_Free_Throws,cv_Scoring_Mix,cv_Def_Quality,cv_composite_all,cv_composite_core
526,FGCU,13,0.16462121966262364,0.3107676886489974,0.3446330747094343,0.35743341251786115,0.5149146564451504,0.32438724471987507,0.3361262161173237,0.3003685280517583
331,E Washington,13,0.16303451761488796,0.324895306730683,0.17342982003793178,0.46429650812750606,0.26442640440908055,0.345091989872417,0.28919575779875106,0.2941496284766852
2083,Bucknell,10,0.21390781370124537,0.2786637414250501,0.24695769004810117,0.39449325327366314,0.6236100774679284,0.33459176179028605,0.34870405628437906,0.2937228520476692
159,Dartmouth,10,0.22583511724389252,0.18916268517179624,0.17906524774332952,0.45716248593685094,0.47315291923716063,0.39913473224720214,0.32058553126337197,0.29007205366861427
2110,C Arkansas,18,0.1578122686855121,0.29446787654164597,0.1579950154344538,0.4391041276831349,0.31530577246956115,0.3629110388032958,0.28793268326960064,0.2824580654296085
142,Missouri,16,0.23301265787330533,0.2289521162052865,0.20551962011705932,0.3981674332772918,0.3035865109737016,0.3404470002793778,0.28494755645433706,0.28121976555046413
2571,S Dakota St,22,0.20487206302513958,0.27627304894393934,0.24987890414623826,0.2869380236243161,0.40106557229806195,0.38671716573007886,0.30095746296129566,0.28093584109394243
28,UC San Diego,18,0.1879153365195083,0.22937203604118056,0.2435903293546412,0.3552746233266303,0.3197459348422583,0.37392717732832226,0.2849709062354235,0.2780159005140565
2031,Little Rock,14,0.21983777028198156,0.31867907772732496,0.24474341850578302,0.24287172840587568,0.45010764238601786,0.3614180564931328,0.3062762823000193,0.27751001028281963
2390,Miami,15,0.18961958487121833,0.28092373896698375,0.20548212184033585,0.3937514385532923,0.30115843830876066,0.31739161962664864,0.2813878236945399,0.27743370077169577
2908,SC Upstate,10,0.23263185668958958,0.23004605203458234,0.16788866732725205,0.3705722797672286,0.44159006856355254,0.3848647298228711,0.3045989423675127,0.27720071712830474
222,Villanova,22,0.18130283527999738,0.21420626494130252,0.1885215372825506,0.48282325316872315,0.3313370634298921,0.31114610413129196,0.28488950970562626,0.27559999896077314
2199,E Michigan,12,0.17582785313567378,0.19044825140356397,0.23478130376921988,0.3593879549089086,0.3325285390753252,0.41725280347020677,0.2850377842938164,0.27553963333751463
278,Fresno St,14,0.2443328283914954,0.3095210103151879,0.21299726314638429,0.2929127497767101,0.29922769145827693,0.311080543448195,0.2783453477560416,0.27416887901559456
2466,N'Western St,14,0.23356439070864432,0.27433301252089964,0.21530685494853702,0.2589821974363585,0.4313553616125264,0.3866107457743056,0.3000254271668786,0.273759440277749
2747,Wofford,16,0.17917775994384916,0.3303407654222323,0.17712929067330993,0.33902881543396585,0.4564732552338213,0.3418895845615472,0.30400657854478763,0.2735132432069809
322,Lafayette,10,0.12965130851612575,0.3462729789707758,0.2150149988417574,0.33248119529823494,0.39280713771465453,0.3432634767203525,0.2932485160103168,0.2733367916694493
2565,SIUE,14,0.1447435255991341,0.23239753081725212,0.20617922011756765,0.4155663325237612,0.2937913398175649,0.36705804388794716,0.2766226654605378,0.27318893058913246
249,North Texas,16,0.24229194005969915,0.29250427233875814,0.17034387610641824,0.3396504985770776,0.30972599010973,0.31776952599077274,0.2787143505304093,0.27251202261454516
2439,UNLV,18,0.19922215649405056,0.26235887694898724,0.23886109645323017,0.2941548250113835,0.5448085562843642,0.3662277879282992,0.3176055498533858,0.27216494856719015
2430,UNC Greensboro,13,0.20555593071414624,0.25630113513803626,0.21539012635700377,0.322050514050132,0.41377071647699215,0.3609272616258642,0.2956659473936958,0.2720449935770365
2729,William & Mary,13,0.20761400795287321,0.2564123577445693,0.2272557239178763,0.3110360896466351,0.314983447941633,0.35561331127086815,0.2788191564124092,0.27158629810656443
2803,Bryant,18,0.22486816798797463,0.256752481979615,0.20835588205374328,0.3368987742636957,0.36318644140703826,0.32466505301556065,0.2857878001179379,0.27030807186011785
204,Oregon St,20,0.17434455389513673,0.2998863784991156,0.19318713386644287,0.30765295729367187,0.3888169904473922,0.37438039774965093,0.28971140195856837,0.2698902842608036
2448,NC A&T,10,0.20113780215387383,0.3066864487147769,0.18857370201920334,0.3398072469252588,0.26478724542060994,0.31297447505706366,0.2689944867151311,0.2698359349740353
277,West Virginia,22,0.22044779835906714,0.26713357316192765,0.1888696179894674,0.3034836675724123,0.35290856593019615,0.3640805013432124,0.2828206207260472,0.26880303168521735
233,South Dakota,21,0.2388996983312008,0.2684760155368531,0.19241256486274524,0.2774441578927269,0.5059276349343852,0.362521695888526,0.30761362790773955,0.2679508265024104
2681,Wagner,12,0.1956210485164681,0.25791592171822675,0.2363367341224451,0.34497809722654316,0.3655816203004275,0.3043408690177349,0.2841290484836409,0.2678385341202836
2378,UMBC,13,0.25155571881594185,0.2877287423990832,0.20260139195210786,0.283599796478623,0.5101766320279367,0.31190970694374026,0.30792866476957215,0.2674790713178992
279,Pacific,11,0.19504052880592893,0.2667322044215491,0.2219911967392453,0.3485695172815724,0.37973407864375425,0.30450676714649316,0.2860957155064239,0.26736804287895777
2473,Oakland,10,0.1503036812038171,0.23578170056379405,0.21970276299798935,0.411416530885654,0.21551626204658214,0.31923119172445985,0.2586586882370494,0.26728717347514286
2377,McNeese,24,0.22284469843146787,0.2773328768461268,0.22039931348739367,0.31352371009934465,0.39287907329608157,0.2998975399912127,0.2878128686919379,0.26679962777110916
71,Bradley,19,0.19082924413763347,0.2678850973437954,0.24115625229675205,0.3448751384934906,0.35456096084639144,0.28580178453728045,0.2808514129425572,0.2661095033617904
2241,Gardner-Webb,11,0.16943264887012088,0.19987168735619143,0.20160240185499442,0.40742648294246303,0.47442799570930494,0.35071787975041063,0.30057984941391425,0.2658102201548361
2540,Santa Barbara,18,0.18277802344914118,0.2773363941431898,0.24327165860280503,0.2956286602534501,0.3738582737577759,0.32649811872245105,0.2832285214881355,0.2651025710342074
2226,FAU,12,0.2181819796686632,0.2507859663710006,0.2751918721281609,0.30317507023374723,0.338693599312684,0.2766206993497813,0.2771081978440062,0.2647911175502706
276,Marshall,23,0.17285878254563963,0.2556028928946279,0.2202599184029203,0.3235344693928637,0.4027979136096719,0.3513731404656142,0.2877378528852229,0.2647258407403331
2172,Denver,10,0.20151792466581228,0.3143997106462466,0.2553654201488062,0.2797353112325047,0.2942125881671226,0.2717943758976717,0.26950422179302735,0.2645625485182083
2198,E Kentucky,22,0.1947869222078233,0.21204092815995962,0.1844370260036055,0.3910538173804931,0.36524471874406184,0.3388606406057573,0.2810706755169501,0.2642358668715278
2628,TCU,25,0.15481466068564875,0.27230297851037033,0.20805062578913258,0.31954245896149075,0.3785555650035736,0.36428083736160977,0.28292452105197097,0.26379831226165046
2710,W Illinois,23,0.19757189152123458,0.3302487770255502,0.2624083610549526,0.25015216858190464,0.28300764231535486,0.2772573546925011,0.26677436586524966,0.2635277105752286
2272,High Point,24,0.1813899549032687,0.27206187518040803,0.22866316407009593,0.29821526313115415,0.2971348101378623,0.3364146435260644,0.26897995182480894,0.26334898016219827
2599,St John's,21,0.2134440729814283,0.25239866410511214,0.19541716551984645,0.3085536095799535,0.3606266084706897,0.34683224809917523,0.2795453947927009,0.2633291520571031
2750,Wright St,10,0.16984625527129776,0.226306169423483,0.2840782344240969,0.2988979190010385,0.3327393351681125,0.33526106840826314,0.274521496949382,0.26287792930563586
171,Columbia,18,0.20839684456521723,0.21554007179765564,0.19010780720252157,0.3831375134081217,0.32066846159642093,0.3171930866910464,0.27250729754349723,0.2628750647329125
2608,Saint Mary's,15,0.25524587281730843,0.261521880029548,0.20292070708553922,0.2942124545425782,0.3506951819414588,0.3001805743137894,0.27746277845503703,0.26281629775775267
2619,Stony Brook,15,0.1922051028277652,0.26392151899377275,0.20237723571663593,0.3169494650582201,0.43091632521944323,0.33847471392360684,0.29080739362324065,0.26278560730400014
2427,UNC Asheville,11,0.14518832818813185,0.3007278301878257,0.19023640378771783,0.29455593168926536,0.3035965332465869,0.38310940976335905,0.2695690728104811,0.26276358072325995
2870,Purdue FW,16,0.17942795679686455,0.2463208490085751,0.2357934306672961,0.26431931960310734,0.37456575208269477,0.38783329101107933,0.28137676652826954,0.2627389694173845
227,Rhode Island,24,0.22730736127683915,0.2982189471288573,0.19902529038875316,0.23693710484086677,0.26864350139834126,0.35060636648801846,0.263456428586946,0.262419014024667
62,Hawai’i,16,0.20664307050814254,0.2821166901335597,0.20797117840231777,0.32184749419773767,0.36957356893628557,0.29286072909701455,0.280168788545843,0.26228783246775444
2546,SE Missouri,10,0.20145181266517442,0.23850745293894737,0.2813331705141793,0.2721893880919229,0.3434386799471591,0.31764891975821374,0.2757615706525995,0.26222614879368755
261,Vermont,23,0.1839258089077841,0.2992546676677562,0.2002276230856126,0.28402881604957153,0.43672691751312,0.34201680196664386,0.2910301058650814,0.26189074353547365
338,Kennesaw St,12,0.22069310836844303,0.23138655570836447,0.16916407069894832,0.38453458537259044,0.2871699784148235,0.30366293181763426,0.266101871730134,0.2618882503931961
2244,George Mason,19,0.18506314216577346,0.29059024922058085,0.18704740752824184,0.33761536472479275,0.41294085604054565,0.30780953592434124,0.28684442593404597,0.26162513991274605
292,UT Rio Grande,17,0.21967044991874257,0.27655069298682233,0.18606247330097242,0.2860131987933722,0.4196898416865993,0.33748522405851156,0.2875786467908367,0.2611564078116842
161,FDU,24,0.17268692444809497,0.24637739056178992,0.17795491166099964,0.38098461805221284,0.44044811559750285,0.32609644469051213,0.29075806750185207,0.2608200578827219
264,Washington,19,0.21996809210683477,0.30367144627779885,0.19448964304336888,0.2548693694557119,0.3763390344912655,0.3308342295572348,0.2800286358220358,0.2607665560881898
2837,E Texas A&M,12,0.15992587149472332,0.16341823851012602,0.22264933130800874,0.39783832142491954,0.34931918712864785,0.35875124871167524,0.27531703309635014,0.2605166022898906
48,Delaware,12,0.23115634106795124,0.27980676329984294,0.25392799052043763,0.308034544019961,0.3045742632342051,0.22916106137513095,0.26777682725292146,0.2604173400566647
2514,Quinnipiac,22,0.18414006163468424,0.2349993501321549,0.17413252863074946,0.4232819524890405,0.3916256782318668,0.2852263138907204,0.2822343141682027,0.2603560413554699
2885,NJIT,17,0.1735984405492357,0.29299452009799537,0.16718267995835956,0.3425628789691336,0.3358392481456427,0.32236835202491665,0.2724243532908806,0.25974137431992816
154,Wake Forest,14,0.20060205080672,0.22240324404691572,0.20845139662614925,0.3242838690088332,0.4048163691321608,0.3425089784153742,0.28384431800602555,0.2596499077807985
2429,Charlotte,12,0.21212381443624007,0.22841693359686066,0.13320633073307,0.3276901574558041,0.24731182095667203,0.3965498897671932,0.25754982449097336,0.2595974251978336
2182,Drexel,17,0.225712497848525,0.23013186672516683,0.19408922059307204,0.28868960014345263,0.33114033508188356,0.35717489975304356,0.27115640335752395,0.259159617012652
30,USC,17,0.17506025100948902,0.25553880558898967,0.21062936423563394,0.30119835214909996,0.24675786633877753,0.35325417997258446,0.25707313654909575,0.2591361905911594
2535,Samford,12,0.13691071488012752,0.24118871457948637,0.24950508889025275,0.3799187660358202,0.35285030859148486,0.286722077452416,0.27451594507159793,0.25884907236762056
311,Maine,15,0.18190702928887886,0.3063173169839436,0.23322066359812307,0.2835415290141076,0.330556396435397,0.28822794054417855,0.27062847931077144,0.2586428958858463
9,Arizona St,22,0.19086056963186637,0.2257811538049602,0.2441010322906659,0.28934910854622486,0.3829391344712646,0.3415173963304099,0.279091399179232,0.2583218521208254
2630,UT Martin,13,0.21191137659342013,0.22316528054610976,0.2910022307271814,0.266083127848033,0.3816483751956049,0.29654240744299043,0.27839213305888993,0.25774088463154693
179,St Bonaventure,15,0.15193128345031198,0.24833725033327447,0.2428525147064094,0.32806140249635535,0.2993104421157703,0.3138711522761833,0.26406067422971746,0.2570107206525069
344,Mississippi St,18,0.21502070628794023,0.2882808432422208,0.17380800363922835,0.25692854914127744,0.36182744394746313,0.3508526383522642,0.27445303076839905,0.25697814813258624
84,Indiana,15,0.16320593507816025,0.2895257670641451,0.25008445072996566,0.23672103990692495,0.2923007378054737,0.34507201825790434,0.26281832480709566,0.2569218422074201
2582,Southern,14,0.1951370649092672,0.24220417910380188,0.22389323910413472,0.32049289537323056,0.40701514661397725,0.3022789889790469,0.2818369190139097,0.25680127349389625
290,GA Southern,21,0.2158107362327708,0.23179317475992195,0.25353094944674076,0.2966299215323899,0.38698188155725166,0.285237489159847,0.2783306921148203,0.2566004542263341
135,Minnesota,21,0.1708142312855321,0.2712312029925897,0.13016000537834174,0.3561815875269315,0.39853717787829746,0.35383700621189557,0.280126868545598,0.2564448066790581
2426,Navy,19,0.17481896464819335,0.25166154101546934,0.17469462683448356,0.33630148584538533,0.36691847875913214,0.3440272610805384,0.27473705969720036,0.256300775884814
252,BYU,18,0.22124439539517649,0.26865882643128725,0.2341246204050465,0.2833439349442985,0.30161630056128647,0.27295143486172935,0.2636565854331374,0.2560646424075076
2900,St Thomas (MN),14,0.1963734057692355,0.26591981859167185,0.1893168235792816,0.283832109130706,0.4633158272017652,0.34416240892851835,0.2904867322001964,0.25592091319988264
2000,Abilene Chrstn,19,0.20564193379708146,0.2625653368134202,0.19983398078629522,0.2979326310669894,0.34580279135347136,0.3135149150736461,0.2708819314818173,0.2558977595074865
2515,Radford,18,0.21502464468469773,0.22074519787565244,0.2385134968549173,0.3064452983145587,0.35976842071705445,0.29675872639749884,0.2728759641407299,0.255497472825465
2698,West Georgia,17,0.19511643035127155,0.22324670336574115,0.25246684874909725,0.23795111900156685,0.25816826767250456,0.3664729897425173,0.25557039314711644,0.2550508182420388
2306,Kansas St,15,0.21278656965870563,0.24685298239864006,0.25260750495946904,0.25479219979750967,0.3549000280853735,0.30596777029680233,0.27131784253275004,0.25460140542222537
66,Iowa State,21,0.2163257857464168,0.21534504395492987,0.2507444289979317,0.2847406270850818,0.5950971478033684,0.30576509188664663,0.3113363542457292,0.25458419553420136
225,Brown,15,0.13212287790639182,0.2623936396571398,0.15761772473751567,0.4226662454459707,0.4318616306846537,0.2980330036620214,0.2841158536822822,0.2545666982818079
45,G Washington,14,0.18678704367658,0.31840158863509294,0.1848425443807003,0.26750879483869566,0.38078824405903344,0.3127481132895349,0.2751793881466062,0.25405761696412077
147,Montana St,20,0.18101170784485843,0.2428857237204643,0.1528379517945534,0.39834901035043435,0.3071768537318781,0.29425234849672055,0.26275226598981816,0.2538673484414062
284,Stonehill,10,0.18089640440035254,0.2635244831214071,0.19229931039995962,0.29706293441960185,0.5972869889726556,0.3331751363516683,0.31070754294427416,0.2533916537385979
5,UAB,10,0.16735406599222313,0.212245321146314,0.142697606139938,0.33933751606692,0.46510973618274265,0.40466741057200284,0.28856860935002343,0.2532603839834796
2193,ETSU,15,0.21986274052485216,0.23747927851513106,0.17225326193667595,0.31064567610769195,0.524513736985516,0.32558902213902896,0.29839061936814937,0.25316599584467603
231,Furman,16,0.1891601136354439,0.22145139610105696,0.17408194279309863,0.2913898936883935,0.3228258133195351,0.388856498764881,0.26462760971706817,0.25298796899657483
194,Ohio State,23,0.18717674307239088,0.25283483261005407,0.19463189589828564,0.23576068266373487,0.3265397628875806,0.3926287863677549,0.2649287839166335,0.2526065881224441
2335,Liberty,14,0.17928811537821504,0.2562486008152289,0.15970606457333728,0.35448240541670417,0.48905657100452526,0.31306797026929717,0.29197495457621797,0.2525586312905565
2635,Tennessee Tech,14,0.1988644062598155,0.2506414624416071,0.2125908837961133,0.2375424127688624,0.2700258223174795,0.36274415827498224,0.25540152430981,0.2524766647082761
356,Illinois,19,0.1884515301990186,0.27600765676672656,0.17564947645393064,0.2835702530257367,0.41759980847157796,0.33752582695323036,0.2798007586450368,0.25224094867972857
326,Texas St,11,0.28638179210715053,0.25405820245258076,0.1769654549148309,0.253868201393857,0.3191500712319192,0.28951989880911244,0.2633239368182418,0.2521587099355063
2352,Loyola MD,12,0.1756903594431808,0.2060012686869548,0.1660753441264816,0.36880606929364457,0.40162951994677293,0.34280997675641905,0.2768354230422423,0.2518766036613362
2523,Robert Morris,17,0.2335426936741174,0.24079627058041564,0.19721076662999168,0.24034290496294256,0.4379530484007233,0.34711529599817265,0.2828268300410605,0.25180158636912797
2754,Youngstown St,21,0.17850274958362494,0.24437982933456992,0.26153830517445176,0.2679303892124063,0.38441201441453454,0.30219340493925473,0.2731594487764737,0.2509089356488615
2653,Troy,23,0.17034157369448538,0.30380013840918835,0.17128817995401519,0.2725647900538575,0.29494323773483355,0.3362162076034125,0.2581923545749654,0.2508421779429918
228,Clemson,19,0.1929028730023144,0.2594232487459891,0.2049109413318752,0.27970108776468317,0.46403894132102375,0.31673171593547317,0.2862848013502265,0.250733973356067
2368,Marist,10,0.1674477036707946,0.22334037498397075,0.3001381767425963,0.2545610899183952,0.4371697874322562,0.30799862538874223,0.28177595968945923,0.2506971941408998
236,Chattanooga,18,0.2207817123262763,0.26795762384025673,0.1772799390293025,0.2921404432464865,0.31802463710607987,0.29472032613577237,0.26181744694736236,0.2505760089156189
2250,Gonzaga,21,0.2350029633691943,0.24097182269681616,0.1397647085101016,0.2948922043169049,0.29328573017599185,0.34212413519990786,0.25767359404481943,0.25055116681858497
88,So Indiana,19,0.20180206796455818,0.2997870154629154,0.20211676337373782,0.27501596344291757,0.3014976106266497,0.2736584492475534,0.25897964501972204,0.2504760518983365
2603,Saint Joseph's,19,0.2079537527476638,0.2118901215935145,0.22002710049374488,0.29343965915569875,0.3982542519863026,0.3180522073943864,0.2749361822285518,0.2502725682770017
2916,Incarnate Word,13,0.18144620508408993,0.25501713566623097,0.18834392718663087,0.30129905607687507,0.4793816799998342,0.3250250675570645,0.28841884526178757,0.25022627831417826
85,IU Indy,12,0.2095500220374977,0.28890997133000534,0.23947546727079128,0.29308165119494245,0.3245101981765285,0.22010117488650752,0.2626047474827121,0.25022365734394886
112358,Long Island,17,0.15108632346948744,0.21931610743504615,0.21761805560032962,0.34718533597465634,0.29220087710339265,0.3151267440096111,0.25708890726542055,0.25006651329782614
193,Miami OH,22,0.20223554615850875,0.24998163121566208,0.23242712612533856,0.3124631550239645,0.3734297282066828,0.2527684294091804,0.27055093602322283,0.24997517758653084
333,Alabama,21,0.16819166934657467,0.2973266755364738,0.20029995692598548,0.2809298653018266,0.40315651520560625,0.3022256776486799,0.27535505999419113,0.2497947689519081
254,Utah,17,0.14600374038983283,0.1994472347214994,0.23032726467544573,0.40590740858824836,0.4395633661149238,0.26450901508251795,0.28095967159541135,0.24923893269150885
2,Auburn,14,0.24494601577820357,0.2643783710616362,0.21217303127926834,0.25951964339193623,0.33168255712565126,0.2650019816249584,0.26295026671027566,0.24920380862720054
2771,Merrimack,16,0.17332577132047494,0.22230062502945136,0.23062623030791646,0.2958991142022609,0.3643118105988677,0.32249653150117474,0.268160013826691,0.24892965447225568
2579,South Carolina,27,0.2231548278322218,0.23469251478490677,0.21273585574662435,0.26311563738805294,0.3182246065282794,0.30804532119823236,0.2599947939130529,0.24834883139000763
96,Kentucky,20,0.18447347567969496,0.26526435581316693,0.20786806403777414,0.23980272277516687,0.42311507405896365,0.34284593088443654,0.27722827054153387,0.2480509098380479
2739,Green Bay,21,0.1883046996387395,0.21860931913529535,0.2423449985982989,0.288587981680005,0.4390965112167256,0.30236075514770444,0.2798840442361281,0.24804155084000865
197,Oklahoma St,21,0.18189449829457588,0.21617299591208378,0.21709426675017215,0.27750200109044953,0.4088929172044978,0.34669804672162335,0.2747091209955671,0.24787236175378094
2501,Portland,16,0.20309838963726826,0.1838640227599891,0.2464815511979011,0.3139492968145472,0.4491982060760352,0.29161875553511374,0.2813683703368091,0.24780240318896388
36,Colorado St,21,0.17285586235048922,0.2976073515850675,0.19268539044080313,0.27484987115042714,0.35256401785723945,0.3009346763774733,0.2652495282935833,0.24778663038085205
213,Penn State,10,0.18252966696424067,0.17913465060291112,0.21005947561891442,0.35730990927039474,0.34829473688688156,0.3097018649304947,0.2645050507123062,0.24774711347739112
2217,Fairfield,24,0.16257030614647028,0.20281081830775888,0.2500169217527913,0.3130782918470188,0.3577117982827823,0.3097009760318587,0.2659815187281134,0.24763546281717957
251,Texas,26,0.2373331948431356,0.2767583513099595,0.1689649405010403,0.24693960631687767,0.3048225735139203,0.30731597577823555,0.2570224403771948,0.24746241374984973
2627,Tarleton St,12,0.2004910916478646,0.24306204729117814,0.19327068904526773,0.2502842170957503,0.40053777572291666,0.35003888634434105,0.27294745119121977,0.24742938628488037
55,Jax State,13,0.15695158120691854,0.2916020346118767,0.1751347276454139,0.30871350057046176,0.3433788002317885,0.30351426913082935,0.26321581889954815,0.24718322263310005
259,Virginia Tech,21,0.24281776657211165,0.23781518198515533,0.15896426313462492,0.2814042543540106,0.3078229390582329,0.31395492350589477,0.2571298881016717,0.24699127791035946
2097,Campbell,17,0.20691065379213647,0.2364777039244636,0.2019754500185964,0.263115432357408,0.38053009874099597,0.3257280150867394,0.26912289232005665,0.24684145103586877
2351,LMU,19,0.20391386052898558,0.22039180759986032,0.2129767035029077,0.2988756312117934,0.3522240089621981,0.2980063218285398,0.26439805560571417,0.24683286493441736
61,Georgia,21,0.17762592979074515,0.23053137289439612,0.24671457325566548,0.2619776536512337,0.3441830400484759,0.31497047593978966,0.2626671742633843,0.24636400110636603
127,Michigan St,22,0.19453692619159843,0.33302429455962856,0.1918948931629953,0.17636604306095272,0.3321280697044704,0.3341906177416238,0.2603568074035449,0.24600255494335976
257,Richmond,23,0.13011604136512112,0.20430518050034366,0.21181289538179643,0.34054960479771285,0.3593076931094825,0.3425619634868968,0.2647755631068922,0.24586913710637417
150,Duke,20,0.17969487204808499,0.24425427383198417,0.17915039549048162,0.2837954393352513,0.34819858455793906,0.34199843923319906,0.2628486674161567,0.24577868398780023
2534,Sam Houston,16,0.1900319950310514,0.2527339220910134,0.24985732131518262,0.24860250189362443,0.2786086716469929,0.2867689627935105,0.2511005624618959,0.24559894062487647
153,North Carolina,23,0.20631234753083744,0.19350106666502342,0.17614432500975544,0.31385205363878926,0.32809363672624425,0.3371471695080297,0.2591750998464466,0.24539139247048705
183,Syracuse,21,0.24838609991653327,0.22197484345611634,0.19469776979953934,0.2568027530636815,0.2938331451213839,0.30375551863623895,0.2532416883322489,0.24512339697442187
8,Arkansas,11,0.25643438708153027,0.23300479321805712,0.1740473857504954,0.20005560751243112,0.33026836049340635,0.3607116690044282,0.2590870338433914,0.2448507685133884
108,Harvard,15,0.2228405517514766,0.24546950157214142,0.1321735409036491,0.3353883422829807,0.32178665077530366,0.2879452859051784,0.2576006455317883,0.24476344448308526
2529,Sacred Heart,12,0.20834178814576212,0.19072426256142427,0.19302486257567908,0.34658188220642794,0.3788964270829557,0.2838290180210945,0.26689970676555724,0.2445003627020776
2541,Santa Clara,21,0.15043915733244262,0.2739036947097899,0.20640068431549072,0.2685364654576998,0.3894979563703379,0.323059064930474,0.26863950385270585,0.2444678133491794
239,Baylor,24,0.18657658617921805,0.18965043161177986,0.1849585082177332,0.29892939183924266,0.41840045914964513,0.36194030309735586,0.27340928001582915,0.24441104418906592
2815,Lindenwood,22,0.1659007201980808,0.24040823743659723,0.21543808979469475,0.2721824457874552,0.37342054455487245,0.32679165665786336,0.2656902824049273,0.24414422997493826
2385,Mercyhurst,11,0.147163844388166,0.2606883238705358,0.23786650719871655,0.33869024502462824,0.4557476179702828,0.23564155181659327,0.2792996817114871,0.24401009445972796
2636,UTSA,12,0.22640572591945615,0.23539061465610722,0.1657351062210324,0.26447817052811917,0.3594172796710512,0.32622619260255914,0.2629421815997209,0.24364716198545483
2344,Longwood,18,0.1794421549909203,0.2738302369926128,0.17462740107388436,0.27718862600458916,0.3271722010572849,0.31188900845599626,0.25735827142921464,0.24339548550360057
158,Nebraska,17,0.15971874157100197,0.2259432497667882,0.19655765236470657,0.30485615779877795,0.3669957510196308,0.32917655193415407,0.26387468407584325,0.24325047068708575
87,Notre Dame,18,0.16266822853165566,0.2398337169127202,0.26234888953381164,0.30909640276152817,0.2907447923314007,0.24225072526958003,0.2511571258901161,0.24323959260185915
2382,Mercer,16,0.19089940534296923,0.24593032748950072,0.19822304005954328,0.2740858131588467,0.3423466853771969,0.3065933016432336,0.25967976217854843,0.2431463775388187
2393,MTSU,14,0.2064683047876417,0.23400678335724834,0.2220743103408621,0.35200547794931436,0.5086106795767117,0.2011442419833681,0.28738496633252436,0.24313982368368692
349,Army,21,0.1908190884970261,0.20873211459493846,0.20816697728781777,0.3167162153297631,0.4040566535181248,0.2892103007557911,0.26961689166391023,0.2427289392930673
325,Cleveland St,21,0.17943312284100027,0.27776612027373737,0.20232575734129132,0.23969761279993557,0.2790689321454929,0.3138113862342195,0.2486838219392795,0.2426067998980368
145,Ole Miss,21,0.22728289651857958,0.26725975744785757,0.18062992406807402,0.25266958008752344,0.2894518822277858,0.2843760940367877,0.25027835573110135,0.24244365043176447
24,Stanford,17,0.21672936475619178,0.23739474447062986,0.17448294979613524,0.2425650610053175,0.3028509831602021,0.33596526328432486,0.2516647277454669,0.24142747666251985
152,NC State,18,0.21028636900815123,0.25462302515236035,0.18408414811910714,0.2554085908351072,0.28336645422673934,0.30087345719026753,0.24810700742195546,0.2410551180609987
2050,Ball State,22,0.17665225334881424,0.24241847811814082,0.17951993467901223,0.30403991884201365,0.339319974489966,0.30147100257207105,0.25723692700833634,0.24082031751201038
2348,Louisiana Tech,21,0.16607226909192851,0.20242778306745235,0.21634791234001224,0.29993815668919765,0.2892407320155469,0.3189023843209386,0.2488215395875127,0.24073770110190587
56,Stetson,18,0.16502992664103744,0.2583683248185883,0.22019729204515612,0.3150767069512288,0.3218795773315691,0.2444242675092444,0.25416268254947066,0.240619303593051
16,Sacramento St,12,0.16061296332682387,0.221182554411403,0.2549084813961957,0.24494895365285013,0.2978255417928865,0.3213743840884194,0.2501421464447631,0.2406054673751384
304,Idaho St,18,0.19228405440718455,0.34869835163504975,0.1754896085745543,0.23833372771375266,0.3704679243393133,0.24663996125755372,0.26198560465456805,0.240289140717619
300,UC Irvine,23,0.1706054175235514,0.2775507169480653,0.20741941082538232,0.23975504012625345,0.48100419387374327,0.3061124681749969,0.28040787457866545,0.24028861071964988
2016,Alcorn St,14,0.1466900652214156,0.23073657966725603,0.2229428038418869,0.28760382502765625,0.3052984294431116,0.31338310258273344,0.2511091342973433,0.24027127526818964
253,Southern Utah,19,0.20574461710127212,0.29269021704202,0.15886667743443356,0.24395841423912243,0.2814611912748546,0.2978510990725343,0.24676203602737284,0.23982220497787649
269,Marquette,16,0.19474898461770945,0.23202517107313436,0.18740782118401034,0.2871879214687602,0.3516765149791628,0.2969278220139798,0.2583290392227928,0.23965954407151885
399,UAlbany,14,0.19873004517510334,0.25317834561847835,0.19413191521461043,0.3052388773530751,0.5501630509955351,0.24659669151926203,0.2913398209793441,0.23957517497610584
2617,SF Austin,20,0.1713261485148616,0.2559972682550178,0.21287235092948464,0.31382797200958584,0.32057851699025164,0.2433403899111807,0.25299044110173036,0.2394728259240261
2184,Duquesne,10,0.24299351610722494,0.2934317340966023,0.15925193073890825,0.19597243829777178,0.47929008130159273,0.30565652936081505,0.27943270498381917,0.23946122972026446
70,Idaho,23,0.16740251353792285,0.26602261497554563,0.17577254338413828,0.28176705823807197,0.31656902273401133,0.30626769667036924,0.25230024159000985,0.2394464853612096
2210,Elon,13,0.20616739315360938,0.2569199910400023,0.18327658413000664,0.24122960789560075,0.45101337130773644,0.309213764627848,0.27463678535913394,0.23936146816941342
116,Mount St Marys,13,0.2328491175076995,0.1908400231394829,0.12427286430090359,0.3249343784030535,0.2939691081743957,0.3222917761069596,0.2481928779387491,0.2390376318916198
2117,C Michigan,16,0.23541012633214647,0.2177156343448502,0.1535983528103528,0.2927022647352434,0.35237506856619116,0.2945931769527995,0.2577324372902639,0.23880391103507848
2856,CA Baptist,17,0.16918997256933077,0.2911133779499361,0.20259039249641134,0.2662511426580768,0.32678562752077034,0.26466874551176367,0.2534332097843815,0.23876272623710373
2483,Oregon,19,0.20322620446813006,0.20777169048614452,0.16948735247437682,0.27028256557429303,0.35196933681491527,0.34125857859940645,0.2573326214028777,0.23840527832047018
2005,Air Force,12,0.15893962386239785,0.2459242707113462,0.14618803121582064,0.351707860503762,0.4761551560426564,0.28886858805694965,0.27796392173215545,0.23832567487005527
26,UCLA,27,0.18927056628794775,0.22432177382142793,0.15768211352895423,0.2518574286396455,0.34296500148985043,0.36821838633192405,0.25571921168329165,0.2382700537219799
258,Virginia,19,0.18003696859438148,0.2191584486020287,0.1734789249873131,0.3151078888392103,0.2777867568801017,0.30264236772059233,0.24470189260393793,0.2380849197487052
2239,Fullerton,16,0.2112275829116158,0.21468554967561426,0.1935480640731691,0.28605990989157365,0.23596136896460795,0.28462501165017484,0.23768458119445926,0.23802922364042953
94,N Kentucky,14,0.17072318637540285,0.31765310568600347,0.15187868679155703,0.2570207015195672,0.4136260108274183,0.29248983405197765,0.2672319208753211,0.23795310288490162
2229,FIU,17,0.18618688637405797,0.2200527136639852,0.19910860398247965,0.2725131143637025,0.2195965491512648,0.31040045103786734,0.23464305309555958,0.23765235388441855
6,South Alabama,10,0.1515110164808718,0.29278198857260784,0.12541741943140436,0.33512376002438915,0.2676249779237209,0.28322066378111105,0.2426133043690175,0.23761096965807685
2350,Loyola Chicago,13,0.15709462153398862,0.2735057479145272,0.21632040942142078,0.23198011210349515,0.3782140998331436,0.30907203415491896,0.26103117082691574,0.23759458502567013
2460,Northern Iowa,13,0.1947810478740138,0.249775702838337,0.23207665170124595,0.26165641960564584,0.36026304136619947,0.2491416494917071,0.2579490854795249,0.23748629430218993
2320,Lamar,17,0.20027155649823913,0.21268215322171574,0.17636409371480974,0.28487820472102265,0.3874730464641123,0.3117288863964752,0.2622329901693958,0.2371849789104525
2329,Lehigh,15,0.15692089323794722,0.17855659967119963,0.20956020985766904,0.3352391854400515,0.37220273244393165,0.30422855278160826,0.25945136223873455,0.23690108819769512
2405,Monmouth,18,0.22883649173577592,0.20194264854219235,0.18436629761416187,0.23200089199910096,0.37582878552833593,0.3372184846622708,0.2600322666803063,0.23687296291070037
21,San Diego St,22,0.15410364206030536,0.21871041632431842,0.20503142746784186,0.28289766102378955,0.4268073243941254,0.32107279393114035,0.26810387753358683,0.2363631881614791
2550,Seton Hall,18,0.1698893369541692,0.22116251437614196,0.1750103404401303,0.2764934560635707,0.43959950078847376,0.3389512228352954,0.27018439524296356,0.2363013741338615
302,UC Davis,21,0.15660903572216003,0.21872730135525947,0.2263412476275083,0.2721806682696109,0.43937735463389727,0.3068212351087732,0.27000947378620155,0.23613589761666237
2433,UL Monroe,12,0.20949571339990633,0.284017530788632,0.17341911329343965,0.22276457057973448,0.3713636553665166,0.290399383597734,0.25857666117099387,0.2360192623318893
2737,Winthrop,13,0.21510945483857483,0.2298510084217964,0.19164758696575904,0.24453802481955783,0.29177925140399646,0.2987601489184749,0.24528091256135992,0.2359812447928326
59,Georgia Tech,12,0.18209081777055128,0.18819620262901796,0.19087748821454253,0.2972556757615934,0.2502149386763239,0.31856387079172643,0.23786649897395926,0.2353968110334863
25,California,17,0.17502166279560263,0.21633776309880837,0.20667649640739877,0.2960940976415048,0.2975477196436862,0.28267349354572513,0.245725205522121,0.23536070269780793
2294,Iowa,22,0.18989374195016306,0.20389967450036378,0.20033078011363437,0.26242340535920117,0.3703507322830551,0.31999326602847755,0.25781526670581584,0.23530817359036799
41,UConn,29,0.18940875428556775,0.19842904139215986,0.196114899792217,0.27318218213721485,0.2637575675960998,0.31878300275229676,0.23994590799259266,0.23518357607189125
2539,San Francisco,16,0.17279244273940997,0.1841301491739007,0.14544103930874133,0.33629537246888347,0.2870167650021187,0.335296554353832,0.24349538717448102,0.2347911116089535
2066,Binghamton,18,0.17816782665460107,0.21480437405217448,0.19370211515606967,0.2135054174043269,0.2706951729257051,0.3733613634034679,0.24070604493272418,0.234708219334128
238,Vanderbilt,25,0.1736298743423177,0.24533114098197562,0.19694640509500855,0.26311280741689136,0.38277697731043503,0.2941854588231071,0.25933044399495586,0.23464113733186007
219,Penn,15,0.1571846905532274,0.2193125487971929,0.18438504637241793,0.2533397165871305,0.37354259398879425,0.35848227616095385,0.25770781207661947,0.2345408556941845
189,Bowling Green,15,0.18394693754268807,0.2125635541266277,0.20280615349343284,0.26426382122750214,0.28073467633324,0.3067443926848734,0.24184325590139402,0.23406497181502484
232,Charleston,21,0.21164921630203923,0.21209267228513218,0.1831791560527165,0.22587414768578645,0.34203764351078325,0.33704046141892674,0.25197888287589737,0.23396713074892023
156,Creighton,13,0.16973645466024015,0.25365072721588056,0.20069255926216442,0.2845244481784373,0.33054648382398144,0.25666110627498073,0.24930196323594744,0.23305305911834062
242,Rice,24,0.1697612972531144,0.23085356897106563,0.19028570201139275,0.30126141810489043,0.3554847854876134,0.273030344035612,0.2534461859772814,0.23303846607521503
2755,Grambling,10,0.16579408625674186,0.30751464934035033,0.18179716000353013,0.24957783332210026,0.3565934309626363,0.259174999990584,0.25340869331265714,0.23277174578266133
167,New Mexico,19,0.1809532828779351,0.21433468211785536,0.16389450388464594,0.3067514888177365,0.4668356846058561,0.2976283689236051,0.27173300187127236,0.2327124653243556
2572,Southern Miss,14,0.1902723437716237,0.22469956690788329,0.18010765787628197,0.30994060281063585,0.3474538635730159,0.2563296866398421,0.25146728692988046,0.23226997160125337
2492,Pepperdine,17,0.1730913190192278,0.2525227845944983,0.17395996583096718,0.3184005617521666,0.32753957060938993,0.24238445454616395,0.24798310939206897,0.23207181714860475
314,Iona,18,0.16095210694146822,0.23495537409094036,0.14568215466270093,0.35815744261544796,0.36279380879218837,0.26049021774506415,0.253838517474635,0.23204745921112432
294,Jacksonville,20,0.18991630067332246,0.23022384528778717,0.19817997837929677,0.27191831729746696,0.31827696316813875,0.26935607704726583,0.246311913642213,0.23191890373702784
38,Colorado,20,0.21121993872586858,0.250291823459325,0.15547043584449532,0.25448997294753983,0.27969078485347004,0.2880224116363759,0.23986422791117912,0.23189891652272093
2010,Alabama A&M,18,0.21643113052831411,0.27045245044315447,0.16340439239804994,0.24012367785285563,0.33336785678166236,0.2686105515116145,0.24873167658594184,0.23180444054679772
2449,N Dakota St,25,0.20127736022246412,0.29775135927341156,0.15622883353975192,0.19274669479951978,0.45157994765697335,0.31000417217552056,0.2682647279446069,0.2316016840021336
202,Tulsa,17,0.1728814826498017,0.2262888839535182,0.21904459187680644,0.25573047028446294,0.2613247113142867,0.28381524264383273,0.23651423045378478,0.2315521342816844
47,Howard,20,0.19044446732036963,0.2431567866978224,0.19895886039551397,0.24248242425971123,0.34545300759548037,0.2819857552928296,0.2504135502602879,0.23140565879324937
2413,Morehead St,17,0.18998347786658445,0.2510700295093854,0.27190064419512794,0.1843158909904036,0.3723398029192636,0.2589189828347615,0.25475480471925444,0.23123780507925257
68,Boise St,22,0.20519645359493693,0.21325190659270066,0.1972894595518292,0.24397358096667976,0.3838060336639687,0.29103319097443986,0.25575843755742583,0.23014891833611728
93,Murray St,24,0.13472193268590837,0.23757043008048795,0.22312593870716732,0.2357598511376774,0.3433209300916328,0.31926668409172165,0.24896096113243257,0.23008896734059253
2026,App State,11,0.15531909111932593,0.2507621673409087,0.1731838307266054,0.2775002196110497,0.408827480964165,0.29326153519709003,0.25980905415985744,0.23000536879899597
82,UIC,13,0.2140156308943461,0.22717419452639495,0.18560939578516278,0.22464823244256849,0.25531393306583694,0.2933451959543654,0.23335109711144578,0.22895852992056756
250,UT Arlington,10,0.21342142474500508,0.18514898669935007,0.18055310626245333,0.2568745024672125,0.3808528976731854,0.3080848527384994,0.2541559617642843,0.22881657458250407
256,James Madison,21,0.15754430697759392,0.23880015707935007,0.1737980411815073,0.3101883124142284,0.2909754261977048,0.2632381496604722,0.23909073225180943,0.22871379346263038
2086,Butler,10,0.1808843521601585,0.16172514701103394,0.25011180417134715,0.25821733705160343,0.47079489174510175,0.2914947572598857,0.26887138156652174,0.22848667953080576
2032,Arkansas St,22,0.16345897598459905,0.23130263342681207,0.18159250894382145,0.30992228311705117,0.34025743500409944,0.2547990465796776,0.2468888138426768,0.22821508961039227
2166,Davidson,18,0.20391425789121798,0.18796070579742896,0.20764177329042138,0.2650272513506137,0.37918916632148747,0.27357904905032715,0.2528853672835828,0.22762460747600183
201,Oklahoma,21,0.1571721388279569,0.20132147209838744,0.15005362715900933,0.29932044070521063,0.273560603251645,0.3297725409693832,0.23520013716859875,0.2275280439519895
198,Oral Roberts,14,0.1788624639487278,0.24428510938691977,0.19189466078644807,0.22857363787587578,0.2853244291434176,0.29371825780759164,0.23710975982483012,0.22746682596111262
2309,Kent State,13,0.2317851009657556,0.237191536090106,0.20824362426413523,0.1418481943803205,0.28722208174463093,0.31690020621169984,0.23719845727610803,0.22719373238240342
2287,Illinois St,16,0.20400368039457473,0.18379922307740384,0.23068670184324752,0.233305174104161,0.39451543968698294,0.2836713061860696,0.25499692088207326,0.22709321712109135
2168,Dayton,14,0.17497383212175915,0.19371278029742173,0.19674096599664667,0.2703921394642139,0.3721512243134304,0.2964868797249217,0.25074297031973225,0.22646131952099263
2507,Providence,14,0.21124481866200845,0.26542603392160735,0.14447254329919978,0.24229739506567693,0.3138577566964035,0.267427052744,0.240787600064816,0.2261735687384985
2046,Austin Peay,15,0.14484940559154208,0.2274202950617506,0.1729233520175338,0.2716755130053862,0.2698633607978777,0.3134980413206714,0.23337166129912695,0.22607332139937683
245,Texas A&M,12,0.1887567670287454,0.2131181407240109,0.1661306071238332,0.31034867198535776,0.4011597076633849,0.251101259041588,0.2551025255944867,0.22589108918070705
107,Holy Cross,18,0.18892203328125656,0.20516979208926417,0.15071250311832624,0.3067955489583644,0.32116614872904947,0.27727186303769835,0.24167298153565986,0.22577434809698194
2011,Alabama St,14,0.19210629603387047,0.2092113295139607,0.20046034094985626,0.23252419281699954,0.29901872669015517,0.2895259228215359,0.23714113480439633,0.22476561642724457
2447,Nicholls,12,0.17445653991402793,0.26433976185837016,0.18186700367785996,0.225160811834125,0.24806023746559025,0.27542141119754654,0.22821762765791997,0.22424910569638593
119,Towson,15,0.1476542032845295,0.21433396424756543,0.18057653219571118,0.2825471701126804,0.34843395707992175,0.290598887650507,0.24402411909515254,0.2231421514981987
2623,Missouri St,16,0.22828303713901835,0.2182044774567735,0.18391939213613367,0.1830325706167687,0.3708891213148518,0.3021911672735028,0.24775329432284146,0.2231261289244394
2464,N Arizona,10,0.12121727492067114,0.24782779567726343,0.1284982276674925,0.2622564920536469,0.3648825826730494,0.3551262217900921,0.24663476579703592,0.2229852024218332
218,Temple,12,0.18595323370784278,0.22726543796206028,0.17620152263711047,0.2707581762987753,0.2976535516417186,0.25290910305379843,0.2351235042168843,0.22261749473191744
120,Maryland,22,0.17280167095820237,0.21497641881370053,0.14923690426732422,0.2080881745368879,0.2649281302483655,0.36767244790749853,0.2296172911219965,0.22255512329672272
275,Wisconsin,13,0.1242525893128901,0.23349049486055293,0.18329919451513615,0.24394119046534468,0.3881679615995133,0.327147475005625,0.25004981762651035,0.2224261888319098
139,Saint Louis,11,0.27182956934215463,0.24431168223627286,0.15900944151790847,0.18671994716553042,0.38340030395415003,0.24664211196057145,0.24865217602943132,0.22170255044448756
3084,Utah Valley,13,0.20729874915329888,0.15206844449347823,0.215402205711955,0.274516152705393,0.35943303742783184,0.25909377398924727,0.24463539391353403,0.22167586521067448
2325,La Salle,15,0.2150286214113549,0.19196960386200268,0.20461238547364302,0.30297497151708247,0.29955911269992697,0.1880630008717948,0.23370128263930082,0.22052971662717558
2649,Toledo,14,0.18363327213529482,0.20282832846997886,0.16511983334353053,0.22990656028096385,0.49563178230251503,0.32105752263008647,0.26636288319372825,0.2205091033719709
2752,Xavier,11,0.1987073766392751,0.2230519929789802,0.08417416434192648,0.27596692853153815,0.27076442827049874,0.32045437000580884,0.22885321012800458,0.22047096649950576
97,Louisville,24,0.1574929753366501,0.22192333924666968,0.16426542613659795,0.2642127482651443,0.3646352466771002,0.2931077240312562,0.24427290994890305,0.22020044260326363
2450,Norfolk St,14,0.1719144236131281,0.21423361223012952,0.18376142102083273,0.2860379232480626,0.294299117667158,0.2444986690995382,0.23245752781314152,0.22008920984233823
2305,Kansas,17,0.17296863461482367,0.21313399320071288,0.20947665604423635,0.22652824990502587,0.3467211635485304,0.2783140041983901,0.2411904502519532,0.22008430759263778
46,Georgetown,13,0.15315516527136744,0.21144597638315046,0.16383874792104106,0.2788924629690278,0.28886928135994927,0.29285234237743224,0.2315089960469947,0.2200369389844038
2132,Cincinnati,11,0.19500697560509078,0.28089490623441293,0.1351435712300619,0.2113942196455564,0.328111015764319,0.27729891107942006,0.23797493325981017,0.21994771675890842
99,LSU,24,0.189242259529211,0.16920615958630345,0.1742240871553073,0.24112003378435531,0.277855705244452,0.324646472897905,0.22938245303292235,0.2196878025906164
2330,Le Moyne,10,0.14489020951896414,0.23868651828627332,0.20724700775592497,0.20130553157973718,0.3737217272638676,0.30568538948680235,0.24525606398192826,0.2195629313255404
2230,Fordham,10,0.15655683895483055,0.2572593537029454,0.1565688453265749,0.2883359347035306,0.21786913701527458,0.23741780672589285,0.21900131940484147,0.21922775588275487
2509,Purdue,12,0.1320112558881721,0.15156817198663064,0.18435981244137678,0.23255944133843964,0.4340097030091008,0.39315646281384864,0.2546108079129281,0.21873102889369356
151,East Carolina,20,0.17186045617359197,0.27022363670850114,0.17842680236929503,0.22960704488846564,0.27393593936154087,0.24350507393404427,0.22792649223923983,0.21872460281477962
2379,MD Eastern,15,0.19408179854482777,0.22786801826865927,0.18033969108932832,0.2359644784114298,0.3187096635366661,0.25327321087095683,0.235039476786978,0.2183054394370404
2029,AR-Pine Bluff,11,0.19874994838630686,0.23388470385866056,0.18663573906545483,0.24088527275597152,0.34314823701237795,0.23008489046067865,0.23889813192324172,0.21804811090541448
195,Ohio,15,0.16992129251852023,0.2043704127386382,0.2092610829417538,0.2581951999985824,0.29582647789991345,0.24616044541486468,0.23062248525204546,0.21758168672247186
163,Princeton,21,0.1403930912290489,0.19710262807451637,0.17006678387290022,0.2559612696184317,0.38704820724707556,0.32382872175378724,0.24573345029929333,0.21747049890973688
130,Michigan,22,0.1560303391082875,0.21664381316618336,0.17058501374701396,0.27973784630590115,0.3030568368799857,0.26415331865833713,0.2317011946442848,0.2174300661971446
2633,Tennessee,16,0.1736663137360294,0.28936168733626,0.13332521684130508,0.17133136287712927,0.32409187151038754,0.3189194323145161,0.23511598076927123,0.21732080262104797
324,Coastal,13,0.14974501858393247,0.2605374165094965,0.18843580008898095,0.22858554748335846,0.3006614723645146,0.2586756083095435,0.23110681055663776,0.2171958781950624
2458,N Colorado,20,0.1824093347857905,0.2491615873709334,0.15517922078511537,0.21429661703274305,0.41854381427679693,0.2824549998501619,0.2503409290169235,0.21670035196494886
57,Florida,16,0.20440769765409988,0.23349815100265076,0.1557373763918054,0.18428038403772873,0.42661387438279236,0.30151557546525676,0.2510088431557223,0.2158878369103083
2453,North Alabama,15,0.15787567753494686,0.20084634885981006,0.20551535100983773,0.2845314671680094,0.33810976375750457,0.22876153584746559,0.2359400240295957,0.21550607608401393
12,Arizona,11,0.21121401621609975,0.1870119381877861,0.19034184553339256,0.1911125565795378,0.3080041496259558,0.2938925697002077,0.23026284597382995,0.21471458524340478
2057,Belmont,16,0.17441978139134112,0.18712106572218157,0.19166455521437303,0.22709273317149403,0.3485944574720724,0.29134627078808734,0.23670647729325825,0.2143288812574954
2253,Grand Canyon,10,0.20828836162350745,0.2133554943362548,0.18977010563768335,0.20149193884598662,0.2569434256839468,0.2586995514369442,0.2214248129273872,0.21432109037607527
113,UMass,19,0.14970432448489399,0.229009424886844,0.1683983305260478,0.27369693889482183,0.24623997400284542,0.24651750321270552,0.21892774933469308,0.21346530440106262
2561,Siena,11,0.16365419586733407,0.19533673239633575,0.14734878500236293,0.20268344353569856,0.4574047856341467,0.3569433738811731,0.2538952193861752,0.21319330613658088
2116,UCF,10,0.23315588422316508,0.21962957682382306,0.16032207471747467,0.21274893704517028,0.3135372088261923,0.2394817768656622,0.2298125764169146,0.21306764993505906
2641,Texas Tech,24,0.15322034787089112,0.20510413673817088,0.18330391992200484,0.2035473369762056,0.4105715607987796,0.3140155501138931,0.2449604754033242,0.21183825832423311
2655,Tulane,10,0.1868979430528347,0.20966889192363752,0.19786981917415752,0.1496234511147914,0.2993723085297665,0.2769419413656551,0.22006239252680712,0.20420040932621525
2638,UTEP,12,0.1582536758821981,0.12544430530479794,0.19001542115082817,0.27589928592226365,0.31290875663306955,0.2677329886218594,0.2217090722525028,0.20346913537638944
295,Old Dominion,17,0.193698548744858,0.2046107381969488,0.1543763355969395,0.18780284902073663,0.32702868122031903,0.2703317016709343,0.2229748090751227,0.20216403464608346
58,South Florida,17,0.21406551372861132,0.19220802850735774,0.18019635290433805,0.20285733498042158,0.3333742483045117,0.21498621863340844,0.2229479495097748,0.20086268975082744
