team_id,team_short_display_name,off_mahal_mean,off_mahal_median,off_mahal_sd,off_mahal_max,off_gen_var_ratio,def_mahal_mean,def_mahal_median,def_mahal_sd,def_mahal_max,def_gen_var_ratio,n_wins,conference_short_name,conf_tier,off_def_gap,total_mahal
2199,E Michigan,5.181289198900084,3.2547965100773277,6.699848858088771,26.171946482296942,0.15643730936919095,5.94980568745846,4.9951148164697035,4.310906859500066,17.417615023102154,3.832344489944666,12,NA,NA,-0.768516488558376,11.131094886358545
2448,NC A&T,8.042580701521356,6.78369375801519,5.079726369931832,18.432525466652653,0.2022739512151466,2.9792998324415927,2.8363968163820745,1.9162586086720452,6.422223481159327,0.053020154257377106,10,CAA,Mid/Low Major,5.0632808690797635,11.021880533962948
2698,West Georgia,5.958193395006825,5.278768259579807,3.7778940088386914,14.51064299945383,0.5318018644869786,4.5899734268631915,2.5305266852162127,4.279184944846672,18.144348186203498,0.6862269870500592,17,NA,NA,1.3682199681436336,10.548166821870016
277,West Virginia,5.066311022057306,5.230095845361525,2.61791676334746,9.028409358516893,0.7766369885501901,4.788082442767377,3.7552788950616707,3.68310277774026,17.669340296413683,1.4130821649178984,22,Big 12,Power 4,0.2782285792899293,9.854393464824682
2466,N'Western St,5.738484620479769,5.310233746394752,3.0690986798906894,12.125069225611883,1.3296230515838294,4.090927086159236,3.577458574785352,3.0997822151077874,12.1075552118486,0.41694347927608283,14,NA,NA,1.6475575343205326,9.829411706639004
2803,Bryant,5.497109801846139,4.889325397844569,3.083302044025935,11.053742034517063,1.02235136141666,4.268632671900681,3.044393083484258,4.89686220916777,21.151716855926086,0.2984173948272099,18,America East,Mid/Low Major,1.2284771299454578,9.765742473746819
2430,UNC Greensboro,4.835592069983704,4.717836578135587,2.9501979860086993,10.279646181055297,0.29320647432568947,4.7967698815848125,4.336552644659496,2.5779928821265234,9.2836335602465,0.5429971528636452,13,SoCon,Mid/Low Major,0.03882218839889173,9.632361951568516
2900,St Thomas (MN),5.3241756985906115,3.4088820811898786,3.9767893756285755,15.510430573018285,0.784122792318348,4.302375644427178,2.786106833467197,4.782015997596046,19.99585103209348,0.27765303033056105,14,Summit League,Mid/Low Major,1.0218000541634336,9.62655134301779
2534,Sam Houston,4.373957450139435,4.159147439647912,3.2806857692573925,11.182753506032894,0.08227773993554803,5.1547100967026385,4.156236510669431,3.6829005202811116,15.638981860764432,2.029661442265173,16,NA,NA,-0.7807526465632035,9.528667546842073
526,FGCU,6.163325800114936,4.3438958384409405,4.33805389459015,18.766822559293892,0.7786791520772309,3.2954169656660723,2.632060841572009,2.2104161071897654,8.353189411900487,0.3183608778841068,13,NA,NA,2.8679088344488632,9.458742765781007
2000,Abilene Chrstn,5.1808309310460325,4.8364613037419675,3.414112231157317,13.288979089854699,0.5618884954328226,4.250455216276419,3.708735031091103,2.9452188918175084,12.243806758989306,1.0798790325956296,19,NA,NA,0.9303757147696139,9.431286147322451
2908,SC Upstate,5.5886223942592155,4.782958254542669,4.192443442784916,15.587612341825444,0.808636708409874,3.762782409736215,2.4713079550253623,3.013005637157789,10.523774593956215,0.15121668506256913,10,NA,NA,1.8258399845230007,9.35140480399543
197,Oklahoma St,5.181554609919308,4.128127655699773,2.9982030102379924,12.784015102482934,0.3136323172917016,4.1603043771678285,3.7882561209172363,3.193609795539266,14.074219616167202,0.8670237540840436,21,NA,NA,1.0212502327514796,9.341858987087136
2427,UNC Asheville,4.213665141559117,3.9850738709007496,2.427563475267306,7.877273021586967,0.06981606732983914,5.100458712157177,5.058287411194924,3.650050806919622,10.778506475494613,2.59195509636201,11,Big South,Mid/Low Major,-0.8867935705980603,9.314123853716294
2378,UMBC,4.9123996005204695,4.545204358151152,2.151435881641325,9.568948052945933,0.5439580769149281,4.31621695188785,3.8335931953992546,2.6323483475469898,10.16842077489418,1.2627603573352426,13,America East,Mid/Low Major,0.5961826486326194,9.228616552408319
2229,FIU,4.175114579817061,2.8663729917672462,2.89518798236162,8.996260208209963,0.051941638375644146,4.797333884953382,3.088655305998177,5.994196513045751,25.942202604914076,1.2925861711876663,17,C-USA,Mid/Low Major,-0.622219305136321,8.972448464770443
2571,S Dakota St,4.910185870920937,4.224770397489071,2.892948045892927,9.952907174134788,0.5645437469515898,4.009342657799891,3.3115912665845144,2.522938600068792,9.805390903693691,0.8510942169197325,22,NA,NA,0.9008432131210462,8.919528528720829
194,Ohio State,3.190918019843428,2.5940112200663967,1.9743912598643878,7.495314982741836,0.09986557322359563,5.716249318594833,4.186298697696842,4.977061719169873,18.278647621663985,2.4598837098192057,23,Big Ten,Power 4,-2.5253312987514045,8.90716733843826
171,Columbia,4.375104502378067,4.359352810077807,2.2858193941448004,9.601045793315564,0.3281962104459308,4.521360820402177,4.420917081580029,2.6405946786044443,9.48711779398632,1.4497187727196412,18,Ivy League,Mid/Low Major,-0.14625631802411032,8.896465322780244
159,Dartmouth,5.784377544744574,5.417324067240248,2.8247728843166384,10.378959887289911,0.6720853254325235,3.0168229593672478,2.59285338044801,1.6320548103899792,6.030555061145527,0.05896560963335598,10,Ivy League,Mid/Low Major,2.7675545853773262,8.801200504111822
278,Fresno St,3.920151486683948,3.7875806062152932,1.1690232057916232,5.889924123080643,0.2516914163351293,4.855149513027087,4.082029293613012,3.945466848594758,11.874224329308289,1.0116501926156476,14,NA,NA,-0.9349980263431394,8.775300999711035
66,Iowa State,5.716265413278976,4.534578055012316,4.697091706767241,19.84735478806666,0.4664851758453025,3.035683884299539,2.027203424929416,2.9123502356063584,10.056116781679208,0.15268128973537912,21,Big 12,Power 4,2.6805815289794372,8.751949297578516
112358,Long Island,4.5419814795532485,3.5619276112391005,4.688102096396542,19.447679909470224,0.15833621710669393,4.151957200115241,2.8394428716251205,3.5464554680882343,11.070735517644932,0.819512524128214,17,NEC,Mid/Low Major,0.3900242794380073,8.69393867966849
2348,Louisiana Tech,4.2148348157372,4.041276777994778,2.441540334536477,11.371722146012203,0.22286105808806253,4.451264624078083,4.147021637539747,2.8347727843686794,13.353163968169204,1.1124902078143548,21,C-USA,Mid/Low Major,-0.23642980834088245,8.666099439815284
279,Pacific,4.799197443387862,4.3931344814773174,1.8035901465666542,8.22089380756146,0.612338135228476,3.802819306515741,1.8996416823331994,3.995856643691024,11.102992446791047,0.19516230463792117,11,NA,NA,0.9963781368721207,8.602016749903603
2239,Fullerton,2.92093802518779,2.360519831630827,1.8362172863757493,7.085951325525753,0.04336535847076897,5.668781343056001,5.539408344178213,3.8724074891350346,18.687786451167725,3.2279048464268145,16,NA,NA,-2.7478433178682105,8.589719368243792
9,Arizona St,4.379344450473495,4.485455990976742,2.213110139922467,11.478041527288312,0.31961413646017256,4.171609440840645,3.2545235510126624,3.7030148482786958,17.83859666815579,0.9569480446518499,22,NA,NA,0.20773500963284963,8.55095389131414
2306,Kansas St,4.572870790906892,4.615920346941324,2.376251490457635,9.868323011203763,0.3389444573530265,3.966227811891645,3.6824262535830496,2.4742967850077924,8.811343302657585,0.3861575774131896,15,NA,NA,0.606642979015247,8.539098602798537
2635,Tennessee Tech,4.204444039796362,3.944626715679258,2.1891096921885445,8.442122346764972,0.3266821636226481,4.325981705905818,2.6580725159468095,5.440488155426691,22.675274185627234,0.5768175303112902,14,OVC,Mid/Low Major,-0.1215376661094556,8.53042574570218
2217,Fairfield,3.821588946703399,2.656736478301444,3.866658827832342,18.009822656088545,0.17001190246344436,4.701491196501919,3.9189264019928647,4.195448183313344,19.75767581960826,1.520971215804722,24,MAAC,Mid/Low Major,-0.8799022497985196,8.523080143205318
2110,C Arkansas,3.8252951620674014,3.8498438381914255,2.262901643241387,8.019118147096322,0.14600311960705215,4.692498633798717,3.9740963954174235,3.6939503368027173,14.30881520230864,1.3580401315894493,18,NA,NA,-0.8672034717313157,8.517793795866119
276,Marshall,4.567491777697272,4.736899937417953,3.2050286973338613,11.285030740984682,0.6167574270855518,3.9083045225179047,2.6005981294862366,3.6474190383914076,15.825893252322377,0.561514165615777,23,Sun Belt,Mid/Low Major,0.6591872551793676,8.475796300215176
193,Miami OH,4.831079756361175,3.9997733127357558,2.83296859446033,12.520893079230651,0.49471600060992915,3.6327890675732983,3.4348186091889064,2.5206102815864453,7.869389069504054,0.40513631312937387,22,NA,NA,1.198290688787877,8.463868823934474
2473,Oakland,5.034751664570848,3.6812617384756914,3.9038755576933952,13.675088129517569,0.059300174548550605,3.423289531290414,2.3841589637824865,3.0600167161266234,9.771512152325464,0.20956218643271687,10,Horizon,Mid/Low Major,1.6114621332804342,8.458041195861263
2603,Saint Joseph's,5.00084516609127,3.6848288256149786,4.096531567167965,14.016739334552906,0.592115285131113,3.403440198173401,2.5060393729985977,2.499056988289706,9.220234556902266,0.2665999029130621,19,NA,NA,1.5974049679178686,8.40428536426467
2050,Ball State,5.138140440061739,4.124467528454325,4.1883573715574185,15.577278405058498,0.306913294322967,3.2249806178601266,2.1556494388442844,3.0099437466598653,11.114808970802397,0.30659098377294075,22,MAC,Mid/Low Major,1.9131598222016124,8.363121057921866
2309,Kent State,3.875820216406972,3.4449881500498387,2.8194961423372447,10.79786228367916,0.08940594669116517,4.479141682035894,3.9089562013364114,2.0603146094023104,9.754669053520676,1.1138201751947059,13,MAC,Mid/Low Major,-0.6033214656289219,8.354961898442866
2226,FAU,5.151163365851386,4.890396876223398,3.2419095169668912,11.02000061139501,0.49021255883517206,3.1679404923566854,2.4082052085343855,2.01566241857122,7.45686105023202,0.2463922663834434,12,NA,NA,1.9832228734947006,8.319103858208072
16,Sacramento St,3.9088883701175874,2.524115723375793,4.1113637986236835,16.036373707426446,0.05473253408536906,4.360314447233676,3.1967360930504287,4.481778690642639,18.033104984410603,0.9642826104951029,12,NA,NA,-0.4514260771160883,8.269202817351264
252,BYU,4.996465299637399,5.073709807850312,2.8346628786797274,13.235596816595274,0.577009449060521,3.230460762310457,2.332902927879801,2.6897526314410736,10.300016233744783,0.11381731330958499,18,NA,NA,1.7660045373269422,8.226926061947855
2,Auburn,4.525389162977684,3.5157587464784683,4.104251810659251,17.044300891014057,0.3614900395744517,3.6963284062507724,2.7952084237025026,4.384311807302447,17.894577083342757,0.3317174943926012,14,SEC,Power 4,0.8290607567269119,8.221717569228456
2210,Elon,3.9188354466645032,3.80492315954253,2.492493181643608,8.72474038678775,0.049468939040243055,4.299530081228113,3.300811091326847,3.36928437137972,11.797400871631849,0.5220146469063931,13,CAA,Mid/Low Major,-0.38069463456360975,8.218365527892615
2729,William & Mary,3.483915820073332,2.759996268313223,2.004173227677675,7.829069256172764,0.10381806900761091,4.689352806825338,5.425597037141395,3.387809701915931,11.341771797759549,0.6684024195281629,13,CAA,Mid/Low Major,-1.2054369867520056,8.17326862689867
142,Missouri,5.939686739473496,4.551283702519883,4.332753660541771,19.527668770867965,0.9405543004804242,2.2163844084810957,1.955904701172567,1.0351262975903408,5.015274196011679,0.07175504217358102,16,SEC,Power 4,3.7233023309924,8.156071147954592
2501,Portland,4.211049918027255,3.1164153164398325,2.881439087375308,9.248396683378422,0.10471655374351517,3.944196573050491,3.9015196543809196,2.9042013477890705,10.129465164408671,0.3533782796509999,16,WCC,High Major,0.2668533449767643,8.155246491077746
2916,Incarnate Word,3.9764332075566546,3.2334014204861328,1.7248223554224769,7.4875248647840955,0.21952946777436289,4.158255891326878,3.2955976701463183,3.279987393436689,12.823831586138738,0.46255328882118696,13,Southland,Mid/Low Major,-0.18182268377022304,8.134689098883532
2198,E Kentucky,4.6192953806656964,3.1824725086251973,3.8956937513531935,14.673552296439851,0.20633209270493444,3.4903182671696906,3.009555618366252,2.887898413398164,12.891860539430533,0.40558360341469685,22,NA,NA,1.1289771134960058,8.109613647835387
96,Kentucky,3.8478390591438694,3.5635300808524732,2.144738909953107,7.784735350638289,0.06670534420643061,4.256442854179161,2.611642959112515,3.224973327816584,12.125525590864461,0.8189237886538159,20,SEC,Power 4,-0.40860379503529165,8.10428191332303
231,Furman,3.1538640327563723,2.4010608065259844,2.417300681422422,8.68152338369282,0.0646488589526626,4.947390414186754,4.441919193307079,4.367650610059373,18.374765923440084,0.7870707123899529,16,SoCon,Mid/Low Major,-1.7935263814303815,8.101254446943127
2031,Little Rock,3.470014864693246,2.452312952734876,2.6366324990200045,9.773912790038487,0.08233716465052596,4.623243281815393,3.699908415281966,5.0035932107637695,21.22453126916497,0.9050510051366223,14,NA,NA,-1.153228417122147,8.093258146508639
2377,McNeese,3.3261850522557257,2.5142466494880997,2.999766309012118,13.865118432524014,0.08116609983180534,4.757313856178412,4.516908571290018,3.196991187002462,14.227041413595815,1.5537717060233607,24,NA,NA,-1.431128803922686,8.083498908434137
2382,Mercer,4.103160999847632,2.867381358250431,2.565033352480018,8.191777918768578,0.16453347737280796,3.971772131297545,2.826835799773149,2.7568224185079457,10.314546145786123,0.41088402844235367,16,SoCon,Mid/Low Major,0.13138886855008725,8.074933131145176
2172,Denver,5.271107091001694,4.186971159593908,4.490993716793175,17.753038587465642,0.07842945726007527,2.7994051298553226,1.970938365044083,2.0059754131852237,6.047334193205109,0.17579846468299687,10,Summit League,Mid/Low Major,2.4717019611463713,8.070512220857017
127,Michigan St,4.076895938307606,2.9029342113904146,3.278822752401188,11.699802535336595,0.1538265251171173,3.9893873305682592,3.817135938845901,2.9863629080763885,14.083391807052193,0.8965345607609884,22,NA,NA,0.08750860773934699,8.066283268875866
233,South Dakota,4.234881196491272,3.5944650539128733,2.947718095985782,12.894436983130243,0.17694633379296518,3.8270612261877077,2.2742888356750592,5.255503947070793,25.111252415459855,0.4814826320511779,21,Summit League,Mid/Low Major,0.4078199703035641,8.06194242267898
2529,Sacred Heart,5.2922396414948,4.6059760563845344,3.011781537947097,12.02134942282441,0.6193043955698402,2.7508415034938087,2.6936713838928794,1.5277517922083639,5.153206687280547,0.16634092310049348,12,NEC,Mid/Low Major,2.541398138000991,8.043081144988609
2046,Austin Peay,3.50264566877062,3.606575984860592,2.245398838801563,7.045005631035542,0.11508583470084033,4.490616815078794,4.2909445978146605,2.952889344318072,10.431561792442517,0.9168765592035945,15,ASUN,Mid/Low Major,-0.987971146308174,7.9932624838494135
2523,Robert Morris,4.346585954443924,3.8524205758575842,2.8913249090834987,10.491232416310284,0.260962041346761,3.6317293088571057,2.814683180317695,2.4499149390777863,9.458258577973144,0.44315396289892456,17,Horizon,Mid/Low Major,0.7148566455868184,7.978315263301029
325,Cleveland St,4.680972129463484,4.525124967233706,3.4195732392630878,10.378972434940714,0.4232585453736252,3.297078704925696,2.2209773795946917,2.6379591691324915,11.14406898631015,0.30290309693879713,21,NA,NA,1.383893424537788,7.97805083438918
2582,Southern,3.5098188091380984,3.0926047125425455,2.361205384941228,9.469176131910968,0.04574663981609426,4.453752259815393,2.7682783788965994,3.5939942488827348,12.859759627924701,0.7553426140412687,14,SWAC,Mid/Low Major,-0.9439334506772945,7.963571068953492
28,UC San Diego,4.2035707320713875,3.9149938399809123,3.4946278997557334,15.557958829196712,0.29623099645069445,3.75888136727238,2.4514274696222635,3.6714922949860425,16.42415093308168,0.3966331521467412,18,Big West,Mid/Low Major,0.44468936479900734,7.962452099343768
2619,Stony Brook,4.051372391103424,3.8994071723601063,1.975834141659243,8.300643820064474,0.19578070646076584,3.896847477754847,3.514514248860867,1.8965402280392445,8.415508932407258,0.5406810584023694,15,CAA,Mid/Low Major,0.1545249133485771,7.948219868858271
2815,Lindenwood,3.9739957508693218,3.893157987268663,2.808793275679941,10.911296857533957,0.21783992207217545,3.9741875555627266,3.767341498672711,3.134050033200811,13.7453152443238,0.5623876500311832,22,NA,NA,-1.9180469340485118e-4,7.948183306432048
2097,Campbell,4.552262515261495,3.924803868769583,3.790650783077839,14.18329389037457,0.17779629188248486,3.388783113278821,2.1393089569379984,3.7525253212460727,15.964358134684662,0.2163834996411932,17,Big South,Mid/Low Major,1.1634794019826735,7.941045628540316
2870,Purdue FW,3.4701014047173326,3.0451349625041626,2.2497776394912234,7.30963193203685,0.08502628254779154,4.468012495604664,3.299760223644202,3.908878147841356,14.042027180534257,0.5152020016806154,16,NA,NA,-0.9979110908873312,7.938113900321996
331,E Washington,4.392741884550766,3.2651793925752277,3.6877141009219936,15.724625551036306,0.1792329105131392,3.538103159455178,2.464004184005251,3.2309136703473675,11.807217564746523,0.2507682992546402,13,NA,NA,0.854638725095588,7.9308450440059435
2681,Wagner,4.310068828905632,4.500533187608503,2.331420535957892,9.046992777647933,0.18866716910538642,3.603350643208067,3.416288288905989,2.2437263280772193,7.10012275746902,0.3128291422704683,12,NEC,Mid/Low Major,0.7067181856975653,7.9134194721136994
147,Montana St,3.4578982889381407,2.7710838879759407,2.754154642278599,10.716336629930861,0.05790313221977014,4.431649674569102,4.160962479984402,2.58846916355351,8.873888542101643,1.0626701206119855,20,NA,NA,-0.9737513856309614,7.889547963507242
356,Illinois,3.8271742572581813,3.2680421359131184,2.6695262872232015,11.873521110442798,0.10167331502007161,4.060457353527955,3.3442022151665594,3.363959739185891,13.395011759354823,0.9075039960959435,19,Big Ten,Power 4,-0.23328309626977362,7.887631610786136
2320,Lamar,3.7135982410984902,3.886337186353796,2.0230163474828387,8.26993776132892,0.11557352839739507,4.163175651124688,3.5878461350169126,3.4411509209262974,14.206420898689835,0.6983163786768927,17,Southland,Mid/Low Major,-0.449577410026198,7.876773892223179
153,North Carolina,3.697203300981358,2.9670373877971685,2.2437355922924835,9.628903403953245,0.12933920117900619,4.15941223651076,4.270202835092987,2.6216006347469105,10.124912051068321,0.9613985084960283,23,ACC,Power 4,-0.4622089355294019,7.856615537492118
249,North Texas,4.819876822853973,4.197395414448735,3.552710987870288,12.52313185826228,0.19742693368886702,3.032488882594417,2.4813654289812654,2.254749434310126,7.846083059004554,0.16262139633992215,16,C-USA,Mid/Low Major,1.7873879402595563,7.85236570544839
202,Tulsa,3.886259527932441,3.885778606989285,2.518184959166543,8.969095939663713,0.16370356962124455,3.959065851580026,2.5640116206526034,4.182301500401484,16.037077648026383,0.4072720213740931,17,AAC,High Major,-0.0728063236475851,7.845325379512467
251,Texas,3.0668254650390474,2.8494336482989144,1.6436070432598062,7.378527607687471,0.053699804803987276,4.769358450525605,3.937256211344562,3.5218487650646413,15.522982965710757,1.1514357534212118,26,Big 12,Power 4,-1.7025329854865574,7.836183915564652
2630,UT Martin,4.80362157578757,2.608613205939539,3.559576679206334,10.330630595086125,0.27909034654590537,3.0316579227913474,3.4476275073291736,1.7662089044125242,5.551799269926123,0.24185174753911348,13,OVC,Mid/Low Major,1.7719636529962228,7.835279498578918
2599,St John's,5.03134346948975,4.6739408938258595,2.828321408439228,11.98318126776179,0.7271813120695539,2.792917157640013,2.993993278844452,1.3266139731696522,5.872115816542913,0.18416896266137173,21,Big East,High Major,2.2384263118497367,7.824260627129763
300,UC Irvine,4.201300867527687,4.157610506851648,2.400132419950005,9.100885262197993,0.23333828660410838,3.6179051529652497,3.17191569511572,2.5136926119975986,9.030141482416637,0.44057627098072566,23,Big West,Mid/Low Major,0.5833957145624371,7.819206020492937
120,Maryland,3.2466290165663962,2.882515109606415,1.8575175809509763,7.167363474116142,0.09658256369111458,4.565574640290167,3.1036848948746885,3.305350212305532,13.375131174472543,0.6858996766839058,22,Big Ten,Power 4,-1.318945623723771,7.812203656856564
2241,Gardner-Webb,3.627759093309802,3.484911649946063,1.7444544009814091,6.503757077623092,0.11550520109200695,4.182918257887084,3.0293742451906773,3.7232332433988824,13.657778257103644,0.4005859580347075,11,Big South,Mid/Low Major,-0.5551591645772822,7.810677351196886
88,So Indiana,4.146815157189144,3.034502739978277,2.245201284301281,8.241064766547238,0.2223379392810034,3.628152322224325,2.2014854276956415,4.380963734252837,20.45654334276774,0.21840420234662927,19,NA,NA,0.5186628349648186,7.774967479413469
30,USC,4.138266543924984,3.582160522813684,2.1852151060104887,8.749161120980457,0.24400965970015087,3.6022454165966042,2.7097314567470616,2.0164870657559493,7.38362313464201,0.5389886932548041,17,NA,NA,0.5360211273283797,7.740511960521588
2272,High Point,4.47464595525869,4.549227050986616,2.607312069824842,9.827554358806923,0.5217431001892999,3.2656548696887606,2.8745476631758495,1.9456284367578238,9.298665432513236,0.3601741035556992,24,Big South,Mid/Low Major,1.208991085569929,7.74030082494745
2344,Longwood,3.6953757913061365,3.764563239763501,2.2826559100611603,8.385454647353711,0.09026851535348265,4.023314654255951,3.5144367570893995,3.229718291968336,15.03625668738191,0.49715317741270204,18,Big South,Mid/Low Major,-0.32793886294981434,7.718690445562087
189,Bowling Green,4.328341619010913,4.68245069268878,2.577974394795905,9.194914642540708,0.17384389596776484,3.3804296192369536,2.879773041762437,2.9154633078767467,9.261386736846504,0.24020338574116407,15,MAC,Mid/Low Major,0.9479119997739591,7.708771238247866
2083,Bucknell,4.345947156939779,3.4155029619594597,2.4706206374308985,10.519762922124656,0.042476687231927795,3.3576438727179267,2.202258507316307,3.0214462211047435,9.735973717931019,0.35237269484298595,10,Patriot,Mid/Low Major,0.9883032842218524,7.703591029657706
2413,Morehead St,4.691463533093874,3.966596021820283,3.7125575529117567,15.743501272255571,0.1395486368935047,3.0106768886698627,2.1999942766129092,2.4350351673038833,10.465187783187755,0.18970679537313823,17,NA,NA,1.680786644424011,7.702140421763737
232,Charleston,3.1872723890079677,3.2202503157528057,2.171714814588162,7.815965017569474,0.05039733373736609,4.51015028715124,3.7702383431928976,4.465314982493996,20.343610896712526,0.9262193377702491,21,NA,NA,-1.3228778981432723,7.697422676159208
2010,Alabama A&M,4.220894282528662,3.2303493997385706,2.851715102086772,9.596370594475182,0.3770620300003784,3.476479279418692,3.0989357569103206,2.393463962525804,9.598419321604732,0.3400640207332091,18,SWAC,Mid/Low Major,0.7444150031099701,7.697373561947354
145,Ole Miss,4.410075444064647,4.412546210926398,2.3527129950930687,11.667716859034773,0.40574036331440105,3.2784311054282043,2.578118171661117,2.010132632437567,8.420442769504607,0.3159682156414504,21,SEC,Power 4,1.131644338636443,7.6885065494928515
2351,LMU,3.7145352927310977,2.4825941587510596,2.904736395170089,10.082027883062885,0.10819406440085819,3.970346880019503,3.492883173062274,3.0715694747180815,12.23760840402616,0.7414840586829268,19,NA,NA,-0.2558115872884055,7.684882172750601
85,IU Indy,5.097921611944595,4.265331793525134,2.8084677048818043,9.826148446263417,0.42880540859131716,2.5722338322114173,1.327883566818927,4.508577329627636,16.513236839117198,0.026325881269862947,12,NA,NA,2.5256877797331776,7.670155444156013
2016,Alcorn St,4.030275135814594,2.661689006337898,3.823162840283775,14.61175058211747,0.049330428861542965,3.620163314754375,2.282678843291473,3.0850856954162693,9.909107063620215,0.3468151077369251,14,NA,NA,0.41011182106021904,7.650438450568968
2515,Radford,4.732878974645911,3.2000119613473,2.9099044945367973,10.032603083590674,0.3573607265158426,2.9064353137207046,2.0230066651655596,2.6196973999390627,11.28110847599339,0.16812095116594605,18,Big South,Mid/Low Major,1.8264436609252064,7.639314288366616
2565,SIUE,3.5558841028520884,3.1626043328480553,1.7944377087038026,6.856660084879922,0.0765588471472529,4.077818590433905,2.962200831574234,3.1428996350104783,11.437931335088457,0.6258843766268279,14,OVC,Mid/Low Major,-0.5219344875818166,7.6337026932859935
399,UAlbany,4.7334220018861854,3.364740690049325,3.65709616027427,12.423334994544286,0.2251608846771027,2.8964051938059385,2.1002908980489394,2.3843485670309676,8.451801835677998,0.10770856559142665,14,NA,NA,1.837016808080247,7.629827195692124
2032,Arkansas St,3.8494798520754796,3.0033061671790424,2.749877559221302,10.463143784742524,0.16177616127231154,3.7599138802283143,3.078419720804514,3.164040320262977,12.917289760141628,0.48091250966947713,22,NA,NA,0.0895659718471653,7.6093937323037935
253,Southern Utah,4.883761148149119,3.1513233402705216,3.4810732949140015,11.271081300208408,0.429575535382877,2.7229936020492054,2.377089871525939,1.568968908656683,6.210959112848454,0.1628634373810709,19,WAC,Mid/Low Major,2.160767546099914,7.606754750198325
264,Washington,4.535199455786098,3.6283667016166024,2.1963730611530248,10.052470834280275,0.21322991407125683,3.0638927980142356,2.914808438153678,1.5376268128714197,6.1843775779945185,0.2544605460317824,19,Pac-12,Mid/Low Major,1.4713066577718625,7.599092253800334
2837,E Texas A&M,3.812713124354675,3.124071948120413,3.165861509733314,13.0024789764831,0.06074913302455817,3.7667384109106434,2.395316770436689,4.26062564907552,15.481327104537087,0.22336667877488037,12,NA,NA,0.04597471344403159,7.579451535265319
2561,Siena,2.8318553165794493,2.8446632488452814,1.5219122262593359,5.349906657984142,0.0257682764063448,4.7313979101889725,2.861025692801799,3.6515011058658295,10.773250065324005,0.8419347760746453,11,MAAC,Mid/Low Major,-1.8995425936095232,7.563253226768422
290,GA Southern,4.574575135316337,4.091994549545854,3.0832691592621178,13.573495752966373,0.33730644138709154,2.9856288737461374,2.3821724953910293,2.4201363007308885,9.000814947794927,0.13797127984425805,21,NA,NA,1.5889462615701997,7.560204009062474
2330,Le Moyne,4.28251239463804,4.680914167750066,1.3899871294577937,6.581834173113476,0.11339224477556314,3.275129346360162,2.429742342336519,1.9383437149306644,5.883848309737334,0.3808464540234871,10,NA,NA,1.007383048277878,7.557641740998202
71,Bradley,4.6922680983423914,3.8702883625279054,2.596160063637304,12.670119582755728,0.49440527017568936,2.8434391720077197,2.080432841583641,1.984466734367737,8.462213370292758,0.16317059392363162,19,MVC,Mid/Low Major,1.8488289263346718,7.535707270350111
2066,Binghamton,2.977956357113059,2.863450460224589,1.844855463623234,6.428420338918219,0.03405639406972366,4.543094660521387,2.9828872733683913,4.2227344668468625,17.71764918398487,1.780994240641317,18,America East,Mid/Low Major,-1.565138303408328,7.521051017634446
2750,Wright St,4.425184569653292,4.385456665630262,2.6281109403659593,8.069574170910608,0.10772483696899494,3.0586954286638943,2.5240142394620015,1.8475395298926582,6.89209167654293,0.06738929716863123,10,Horizon,Mid/Low Major,1.366489140989398,7.483879998317187
2579,South Carolina,4.7631306228818175,4.428431264258606,2.788809001483505,9.833957114700084,0.360076979031919,2.710767437864942,1.7569251413024194,2.0231220215215755,8.239504893589334,0.16865226331648947,27,SEC,Power 4,2.0523631850168758,7.473898060746759
183,Syracuse,3.657726633765311,3.6863508797984976,1.625352955361662,7.330038475010423,0.14577550712614032,3.8156543385820565,2.8044961420555437,3.5563286627883612,13.635731361711553,0.4876306802914507,21,ACC,Power 4,-0.15792770481674534,7.473380972347368
304,Idaho St,4.873447500562999,3.497306703311286,4.482602920916588,16.662206900915344,0.11525720107840814,2.590642569112169,2.210141094938784,1.2043260821054502,5.8734300014891065,0.13038275635401753,18,Big Sky,Mid/Low Major,2.28280493145083,7.4640900696751675
2710,W Illinois,4.116317413252236,3.124052365426593,2.459565777192072,9.531654694335712,0.17457628825387256,3.3463463562318068,3.073451816773022,2.0319910992037005,7.667965540482492,0.302905440180933,23,NA,NA,0.7699710570204297,7.462663769484044
2546,SE Missouri,3.7282542632460762,3.7635119257544485,1.4592222849021335,6.190094449701972,0.045582218198817914,3.7235903783981548,3.5184893678871054,2.3703350949324804,9.62730969442915,0.514736472839546,10,NA,NA,0.004663884847921462,7.4518446416442305
93,Murray St,4.067131093629262,2.89732554011366,2.9234043738488538,12.016067389160519,0.13955349192658684,3.3736787693767374,2.6746187910566386,2.4301987255578035,10.2796297671166,0.38929878810231777,24,NA,NA,0.693452324252525,7.440809863006
2250,Gonzaga,4.276332649494301,4.1206692704462276,2.5077080580792668,11.135464439601291,0.2797869984319068,3.1486243678843615,2.1679544651067806,3.190162327047967,14.39584212020873,0.19280161506009513,21,WCC,High Major,1.1277082816099395,7.424957017378663
130,Michigan,3.5966657559495743,2.805865927679428,4.014902787619777,19.43008906020404,0.05358807305686773,3.8263971348348154,3.369936132927225,3.2982204293957156,15.0174461360932,0.667422200000999,22,Big Ten,Power 4,-0.2297313788852411,7.42306289078439
62,Hawai’i,4.796513699879024,3.396235056801518,4.491079193332269,18.18947928364625,0.230042065889519,2.6218917325011484,2.397098113173719,1.6815109116407423,6.6490250163259095,0.10049736889944698,16,Big West,Mid/Low Major,2.1746219673778757,7.4184054323801725
322,Lafayette,3.487916465157742,2.946977263411343,2.326356070297373,8.827943817352116,0.024811320449995948,3.9293223702404636,2.6960759101046046,3.7301551402023203,12.235485918912012,0.5659781771137078,10,Patriot,Mid/Low Major,-0.4414059050827217,7.417238835398205
2628,TCU,3.8925128620198013,2.8297238770559834,3.2858250447095814,12.412271745050043,0.17093844429605534,3.5201578823046438,2.049589527422035,3.0294652362842225,11.181918777499218,0.4111048628829939,25,NA,NA,0.3723549797151575,7.412670744324445
61,Georgia,3.929758657470764,3.225731628725029,2.990023629497712,10.039317689496349,0.1839446080082573,3.47846578425285,2.566556791099861,2.3859923267205025,8.8499018635679,0.3988310110687438,21,SEC,Power 4,0.451292873217914,7.408224441723615
2483,Oregon,3.7450395183431233,2.5580768947372414,3.0977397834426323,12.27227903889291,0.06070777933597092,3.66029455152028,3.192530002329921,2.1868218134610555,9.10659953326672,0.7758600924856937,19,Pac-12,Mid/Low Major,0.08474496682284327,7.405334069863404
161,FDU,3.755797293428853,3.8043979360419824,1.7522747979692403,7.7754504767909935,0.16178422746985954,3.6253079975373073,2.859348549478306,2.365230883093384,9.829932210166799,0.3486149440095623,24,NA,NA,0.1304892958915458,7.38110529096616
201,Oklahoma,3.3242418629225434,3.246592984641828,2.472385021220057,9.56780275289171,0.04580537155498967,4.049109854139005,3.9181773925228307,2.3456387334098556,9.774645202255844,0.6447270709616795,21,Big 12,Power 4,-0.724867991216462,7.373351717061549
3084,Utah Valley,4.1449657743370825,2.9746995892468817,3.7362174949267044,12.487967585454737,0.07236568134711259,3.2269930443851083,2.706770895860687,2.760797701237558,9.604784590546796,0.3726414212180898,13,WAC,Mid/Low Major,0.9179727299519742,7.371958818722191
2287,Illinois St,4.444432648633267,3.9975251419062516,3.0748550573602564,14.702054099267098,0.4381155586553664,2.9255438988442557,3.045837760103967,1.2647658067159653,5.081160550290845,0.1876509526219393,16,NA,NA,1.5188887497890113,7.369976547477522
116,Mount St Marys,3.5125159921419096,2.8354128118670947,2.2156100361454487,7.681260565652793,0.010798366748529676,3.854289398266778,2.7128967283443863,3.582919109015276,12.885059991874822,0.3467764362287236,13,MAAC,Mid/Low Major,-0.3417734061248683,7.366805390408688
213,Penn State,4.426535749729827,3.9533257530640524,2.5139206507202294,8.817704534073286,0.0665184819502782,2.929384608489411,2.7786949643064487,1.7810834894406706,5.642904827998195,0.05544301203255257,10,Big Ten,Power 4,1.497151141240416,7.3559203582192385
2550,Seton Hall,4.162078683787836,3.259510546360227,2.989750238148917,13.28197062022973,0.12259875148903726,3.181428883091325,3.3847976271656766,2.0603614866868343,8.576134343640888,0.3516541428506612,18,Big East,High Major,0.9806498006965114,7.343507566879161
238,Vanderbilt,3.4776900674823388,2.798009023654344,2.5032801250941215,12.444056524268966,0.12591379580129541,3.846884463266952,3.841819320757706,1.7773327614453494,7.06602184108293,0.5430550081273774,25,SEC,Power 4,-0.3691943957846133,7.324574530749291
218,Temple,3.75768233127835,3.201928633745417,1.8000019049803,7.142263983472893,0.017053242539091875,3.564694760677632,1.8838883929488548,2.8344167169254364,9.846757194699492,0.1497604250435883,12,AAC,High Major,0.19298757060071825,7.322377091955982
349,Army,4.076373182981206,3.244013349661044,2.79529315275324,10.71698270115431,0.2191710366339289,3.2145605722936605,2.5823111131972905,1.9379480324614533,6.352057650243641,0.2770694322316022,21,Patriot,Mid/Low Major,0.8618126106875459,7.290933755274867
227,Rhode Island,4.289929979190354,3.578559139230494,2.63197477065784,10.525458893787025,0.21316382214407545,2.9965865774747424,2.2425616544283677,2.5617491220968915,12.060545168848778,0.24608628237430744,24,Atlantic 10,High Major,1.2933434017156111,7.286516556665096
87,Notre Dame,4.388072846349938,3.2420504960146035,3.5134672408558503,12.70291868976871,0.2250428573527483,2.8944267901784992,2.349925379446363,2.104004221670889,8.911995556323767,0.15742985905450085,18,ACC,Power 4,1.4936460561714386,7.282499636528437
5,UAB,3.7488503142455625,2.7371100850115084,2.186986689378912,7.622425142100491,0.0696378322875782,3.517565952616155,1.6096724060805485,5.268636849241205,17.983453812041727,0.1239216421566308,10,C-USA,Mid/Low Major,0.23128436162940735,7.266416266861718
2352,Loyola MD,3.194785068720407,2.536658349319855,2.4074921703709298,10.020520596100262,0.03177435003142262,4.06916993571067,2.0452580940124543,4.196578739300087,13.977413758957818,0.39879285743814585,12,NA,NA,-0.8743848669902632,7.263955004431077
236,Chattanooga,4.075874205692773,3.449615745293692,2.7779952268317665,9.426065930328221,0.21768578186129178,3.1847037400777194,2.3057501314491384,2.5657926341294814,9.09920660344725,0.2515404116847057,18,SoCon,Mid/Low Major,0.8911704656150534,7.260577945770493
2633,Tennessee,3.117533705629888,2.8236191436414035,1.8686595144260814,8.871542511441215,0.03777304041146667,4.093509041925767,3.3438007622865484,2.200009385850653,8.63400946314675,0.9274071534441738,16,SEC,Power 4,-0.9759753362958787,7.2110427475556556
2653,Troy,3.7767723313457573,2.694002807512121,4.607950644625803,22.12599545374554,0.11032840298367268,3.4248131217974063,2.624710697400283,2.528919895687617,10.49590591032408,0.5486052190278697,23,Sun Belt,Mid/Low Major,0.351959209548351,7.201585453143164
2617,SF Austin,5.005357482724593,4.763318885273,2.837692372351176,12.275247475633298,0.5493821874251972,2.1842792820776387,1.163239497233826,2.1985788648886997,6.967317350196848,0.04417482588320442,20,NA,NA,2.821078200646954,7.1896367648022315
2390,Miami,4.597903309178682,3.9014567584977686,3.6342607403250486,15.422779926011913,0.37814137426395744,2.5868306097462397,2.2541309534401717,1.4313145818458475,6.646651710110461,0.12268510476800244,15,ACC,Power 4,2.0110726994324426,7.1847339189249215
2329,Lehigh,4.118801573025371,3.3148755327479686,2.960929262711992,11.7836650807449,0.1675953406889508,3.0559338796049977,3.1189825714293296,1.977934344721481,8.411488703115191,0.2236195674019853,15,Patriot,Mid/Low Major,1.062867693420373,7.174735452630369
158,Nebraska,3.3878505728444126,3.420280115530113,1.7569594292796107,7.373844239068127,0.08207644924343967,3.7748556439602234,3.515583037131352,2.718389909580424,11.440531293016397,0.4473941685984323,17,Big Ten,Power 4,-0.38700507111581084,7.1627062168046365
99,LSU,3.34891574591195,2.9400456954304364,2.3084058136854644,8.87361960209265,0.03787889358710525,3.810695374563791,3.6063307257254014,2.388159966575247,8.235304864546436,0.528595467916239,24,SEC,Power 4,-0.4617796286518412,7.159611120475741
228,Clemson,4.695860686152158,4.162173851991225,3.8245176741085722,14.964208225866312,0.31414352023689857,2.4608635968150607,1.9596342389422297,1.909494367636939,7.841809717484187,0.11114889825139074,19,ACC,Power 4,2.234997089337097,7.156724282967218
2540,Santa Barbara,4.008862075576877,3.8104441652708068,2.021661392009807,7.9588763860342455,0.20378218708489437,3.1301596855301184,2.3103783223417746,2.32873915163022,9.35437271995969,0.24869134277013152,18,NA,NA,0.8787023900467585,7.139021761106996
2294,Iowa,4.098309269237671,3.8158587673774527,2.281711628961,9.277950940060128,0.2159647670994282,3.036869493050683,2.4218212502489145,2.073197031629872,7.91422704272547,0.1625386497363929,22,Big Ten,Power 4,1.0614397761869876,7.135178762288354
2747,Wofford,3.8698769152117576,3.0696143895847277,2.5246986992008424,9.959589244699634,0.09606628356998026,3.2626105537846324,2.428637028472654,2.334289381942005,9.655039484511583,0.321499939422323,16,SoCon,Mid/Low Major,0.6072663614271252,7.1324874689963895
284,Stonehill,4.133124751034003,3.328455926106245,2.2920304929637134,7.213966517473617,0.058753889624029026,2.9988134834553613,2.497146525509203,2.60076830952565,9.62272034826677,0.17967950207336295,10,NEC,Mid/Low Major,1.1343112675786413,7.131938234489364
219,Penn,2.870653867400651,2.2974814538677153,2.0211456218693264,7.981911572552402,0.03964552123004575,4.259821252749538,3.8459387075164613,3.1044328583835656,11.241305591592837,0.6455785543388994,15,NA,NA,-1.389167385348887,7.130475120150189
2754,Youngstown St,4.259092802934019,3.650291338807504,2.5657703099236318,11.803116420706328,0.3382609152864472,2.8486880832433785,2.1377303611356777,3.064656336371465,11.478012102260125,0.1442130328268781,21,Horizon,Mid/Low Major,1.4104047196906402,7.107780886177397
48,Delaware,4.754800250971358,4.17747951574115,3.5830087271253213,13.37855071188264,0.14078832122659152,2.340272615756958,2.192573241201684,1.694352684375055,6.295224097927909,0.05279594689944722,12,CAA,Mid/Low Major,2.4145276352144,7.095072866728316
294,Jacksonville,4.011450714403577,2.904141087865428,3.497484747845352,15.765974924018181,0.13681000323974504,3.076598556359988,3.036865018719179,1.3012820913578251,5.825351498135328,0.2938514001097315,20,ASUN,Mid/Low Major,0.9348521580435891,7.088049270763565
2737,Winthrop,3.227488736365608,2.9433159762027423,1.8807867570581065,8.421008247521504,0.05316443345495607,3.8541892223631318,2.4724342995062694,3.0102087755593794,10.099518866520796,0.42577403757417254,13,Big South,Mid/Low Major,-0.6267004859975236,7.08167795872874
8,Arkansas,3.8085620382463286,2.8055144365618134,3.6044962000322474,13.602497834384586,0.008542547679372457,3.2626372644599133,2.141961821409488,2.4952645765347445,8.407707885003267,0.16312791105639546,11,SEC,Power 4,0.5459247737864152,7.071199302706242
2117,C Michigan,3.550205432231475,2.9429686292000765,3.0587145684105574,12.078105357564963,0.10490482433005406,3.5206848931670853,2.5038704523196893,4.119988356830964,17.26421987897686,0.1896199063852268,16,NA,NA,0.029520539064389784,7.07089032539856
2608,Saint Mary's,4.512783307578084,3.9009555775867226,2.6665468199295432,10.342651947149454,0.15088635988346535,2.5533668070539832,1.8065542889697686,2.1313341261296825,8.850491850126994,0.06890471903848368,15,NA,NA,1.9594165005241004,7.066150114632067
292,UT Rio Grande,4.464697719206869,3.131345277717514,3.269143998499178,11.632396093240413,0.22376715103759723,2.574976226562342,2.2431563152889162,1.7008699868210295,6.029728979331135,0.16224356265167897,17,NA,NA,1.8897214926445272,7.039673945769211
259,Virginia Tech,3.4940857334218673,2.6463059693459954,2.5257465786129654,11.803077813829782,0.1280183526477982,3.526796039923886,2.8499955144768565,3.044408959849796,15.790027428972632,0.24827250712646234,21,ACC,Power 4,-0.03271030650201867,7.020881773345753
239,Baylor,4.047474375557247,3.436707823560104,3.0519680238625577,14.719121763310067,0.22219353297730665,2.9560378293065983,2.8297858781408953,2.0021626752594686,8.577719231484789,0.22913125520540129,24,Big 12,Power 4,1.0914365462506486,7.003512204863846
2182,Drexel,3.594709015326811,2.558872992564891,2.8964854329509517,11.015248821054108,0.04620574755412369,3.400199156848573,3.4025404490090447,2.487161092132473,7.911116852612167,0.25380745866188087,17,CAA,Mid/Low Major,0.19450985847823787,6.994908172175384
2393,MTSU,4.887324795433524,4.862938259879877,2.558436122844864,9.287646779137924,0.32784320346990975,2.089265800028848,2.102712194306767,1.5333202059695243,5.724928920903042,0.04091090184308366,14,NA,NA,2.7980589954046757,6.976590595462373
333,Alabama,4.44476857297871,3.530059449950831,3.186416785947056,14.326683080916021,0.28841950415682566,2.5088010864512658,1.8109771002011332,2.082076320671226,9.71851471907348,0.09498146349318501,21,SEC,Power 4,1.9359674865274439,6.953569659429975
2641,Texas Tech,2.6986674096262377,2.3682441144788204,1.403788066841874,5.622053260384793,0.03285404161369924,4.24069610857118,3.662858217060532,3.4608986059221123,13.578075034773214,0.8108670851001781,24,Big 12,Power 4,-1.5420286989449425,6.939363518197418
311,Maine,3.537193153376451,2.7402508834000288,2.790696226747302,9.797645698537695,0.08470839236933976,3.400882405099465,2.2889965094266693,2.6967312940178942,8.95120988807756,0.2478384005038,15,America East,Mid/Low Major,0.13631074827698608,6.938075558475916
2011,Alabama St,3.324021339230925,2.898221223367468,1.6204103438984707,7.0440387513856315,0.06755793235880814,3.5965764367364423,2.7349378463810132,2.7212686396194017,10.526595712604506,0.3687329388789973,14,NA,NA,-0.27255509750551754,6.920597775967368
2405,Monmouth,3.6493133674047695,3.0725064056367746,2.5523757051955123,10.613013360474154,0.047007092371998696,3.2710976195362482,2.7858384094897852,2.5018226241420374,9.127145224876449,0.47532649260026794,18,CAA,Mid/Low Major,0.3782157478685213,6.920410986941018
2439,UNLV,3.9278994748665577,3.562477926577724,2.172545077700824,9.645319767290069,0.1910904253246741,2.989625521854946,2.599878963161192,1.7458093408393867,7.326836716426624,0.29697053572652105,18,Mountain West,High Major,0.9382739530116115,6.917524996721504
2166,Davidson,4.445424441214333,3.4868741655535027,3.9763945393674947,19.00501791495191,0.11044002890719364,2.4698080600081447,2.4010710534553694,1.3675137118506417,5.196346288385007,0.0760998131439915,18,Atlantic 10,High Major,1.975616381206188,6.915232501222477
326,Texas St,4.078528070921583,4.5891076934676915,1.9571417899888146,6.11695523075146,0.19772908877747084,2.8308216296202384,2.6648092670186094,1.6143188839471887,5.543482478847554,0.15484128888957166,11,NA,NA,1.2477064413013443,6.909349700541821
2005,Air Force,3.224868211607364,2.4727729830931295,2.5002772104154105,8.963695171329288,0.01232528728648178,3.6812968086223847,4.181073062256417,2.3653858741051232,7.925891022907924,0.31263812775664834,12,Mountain West,High Major,-0.4564285970150208,6.906165020229748
150,Duke,3.2910786071596627,3.2753026213593737,2.0174015578004907,8.797104485129035,0.06864874725143287,3.587574435222042,3.32475270285601,2.308952511550393,10.166143145768675,0.4313488495028794,20,ACC,Power 4,-0.2964958280623793,6.878653042381705
2335,Liberty,4.0818858317158755,3.582056665961088,3.2753586192767696,13.899343653716143,0.1094912255120812,2.7963068188353324,2.677557572705844,1.6051830167000798,5.395630792304716,0.1046319132420968,14,ASUN,Mid/Low Major,1.285579012880543,6.878192650551208
2449,N Dakota St,3.44341682406121,3.1237808613465785,2.196329874051324,8.235621455640558,0.11142105956756697,3.4033942936075303,2.2416821604932884,2.6222541533857693,9.561778383823171,0.4160886133805259,25,NA,NA,0.04002253045367965,6.84681111766874
38,Colorado,3.621100374636691,3.92819046434351,1.7635571088500146,7.416529455211796,0.07395174853403455,3.218373825159682,2.7884107764469146,2.542108563919652,9.971961421583561,0.2792086301624726,20,Pac-12,Mid/Low Major,0.40272654947700914,6.839474199796373
2057,Belmont,2.8041746270039343,2.245242681094834,1.8679785338519332,6.718063821612436,0.011707496842072656,4.029459842209254,3.3897713326848926,3.1706702558646533,10.85822147149765,0.45754426335871906,16,MVC,Mid/Low Major,-1.2252852152053193,6.833634469213187
2535,Samford,3.7800157609685687,3.123651036196403,2.255297909665438,9.847395582072881,0.03802772773516338,3.036121197680036,2.5919280763687733,1.596337806586647,6.132461534028794,0.30184521537518727,12,SoCon,Mid/Low Major,0.7438945632885328,6.816136958648604
154,Wake Forest,4.735610782983747,3.33860834973076,2.9453854418570193,9.480242816775018,0.3551935667637609,2.073768220869946,1.457695599517046,1.5024137175225323,4.797741756540606,0.05229386379287139,14,ACC,Power 4,2.6618425621138004,6.809379003853692
258,Virginia,3.443347957404362,2.7217438187072123,2.1332990259085975,8.747818421840558,0.1057665751967184,3.351220782036592,3.059941678304455,2.389451665847418,8.606630021255905,0.32876984877689447,19,ACC,Power 4,0.09212717536777015,6.794568739440955
68,Boise St,3.973782264602465,3.596241215730674,2.293665419598484,10.297109092413155,0.21146270972613787,2.817467360554166,2.499869245751335,1.7039780691055493,6.40721067019612,0.1927505866104316,22,NA,NA,1.1563149040482994,6.791249625156631
45,G Washington,4.107601621852401,3.6375570376317805,2.163535444575076,7.800017880785739,0.1584782959766723,2.674962942516694,2.162883469625983,1.328231220954542,5.9471773974785505,0.1010722153614061,14,NA,NA,1.4326386793357075,6.782564564369095
2086,Butler,4.693224205493784,4.64669472572348,2.441601541636903,7.982082687812225,0.4251229066963751,2.032792632903314,1.724091251828834,1.3367034548641215,4.653246651226825,0.021305151708207758,10,Big East,High Major,2.6604315725904697,6.726016838397097
2244,George Mason,3.478638334929507,3.750990060662712,1.6967190636334777,6.030252063910987,0.07760319112437514,3.2328344529368978,3.0175094650287853,1.7242683976422801,6.051153869285442,0.2930596819689145,19,Atlantic 10,High Major,0.24580388199260916,6.711472787866405
2253,Grand Canyon,3.738342586993242,3.083298235195871,2.291256291736303,7.780071912262575,0.029521805888561178,2.970925082471742,2.625393441787717,2.1904696946612296,8.621174023248228,0.07698411053719909,10,WAC,Mid/Low Major,0.7674175045214997,6.7092676694649835
338,Kennesaw St,2.9260674612997457,2.826728465306565,1.2464667663058966,5.337838922108251,0.03317433531355427,3.7829372698973285,3.526608010153498,1.646844170066875,6.549957538329089,0.31761855895906393,12,NA,NA,-0.8568698085975828,6.709004731197075
344,Mississippi St,3.9670851660583746,3.6289284943385116,2.557274645869833,9.21452446634656,0.18529939436096807,2.7234686944843247,2.11821948197548,1.8830241592899981,8.887934893216336,0.1745635411531201,18,NA,NA,1.2436164715740499,6.6905538605427
2447,Nicholls,3.793404600704479,2.9386514418736644,2.8284540100446973,8.867809776843199,0.06840715488619262,2.888909158225081,2.2749855500790765,1.729892667350952,6.6478825506618655,0.10833732621632698,12,NA,NA,0.9044954424793978,6.68231375892956
2458,N Colorado,3.41808718400817,2.5776861421444712,2.407980499328257,7.9836458245538315,0.08087979727549607,3.259448096267961,3.02101248912566,2.1509440666700868,8.949521958316662,0.36407588876807007,20,NA,NA,0.15863908774020885,6.677535280276131
2433,UL Monroe,3.2082314267513357,2.6873023206034574,2.76940353966727,11.49669642745951,0.03884282197712022,3.4630603133503324,2.6747407877340637,3.0333789203449317,12.524847058953878,0.36338531663332396,12,NA,NA,-0.2548288865989967,6.671291740101668
302,UC Davis,3.7368374960850774,3.677106812204146,1.7105438204519794,7.077769594077614,0.09814922054016224,2.9295306156735736,2.023971720599756,2.673300403676815,9.088447096113677,0.15543017125650802,21,Big West,Mid/Low Major,0.8073068804115038,6.666368111758651
2184,Duquesne,4.127092337175673,2.3455607962089093,4.024868971937873,13.127690625186244,0.01603761641208574,2.528784655513037,1.9800818213001286,1.915966460024572,5.64132369982992,0.08894030770585715,10,Atlantic 10,High Major,1.5983076816626363,6.655876992688711
2385,Mercyhurst,4.19263113247972,4.101097115790745,2.220234799333611,7.426440264833604,0.0974548762530389,2.462240288425621,2.007022201060087,1.776935475506196,6.498109495621893,0.03190448607645049,11,NA,NA,1.730390844054099,6.654871420905341
108,Harvard,3.564034347971856,3.392366106762917,1.8338897705783974,8.9296868363497,0.15947637916405716,3.076490611748681,2.9403732343037565,1.3394879552631385,6.253600882451586,0.2692844386510462,15,Ivy League,Mid/Low Major,0.48754373622317493,6.640524959720537
195,Ohio,3.7448646042433706,3.227851050750559,2.713275234724227,9.681459294595589,0.14641703053475036,2.8581828744261366,2.1345526497653564,2.0976603247755636,7.862643698443181,0.17173805147986004,15,MAC,Mid/Low Major,0.886681729817234,6.603047478669508
222,Villanova,3.105140739419033,2.6035212794667464,1.4547679325196716,6.483645514664591,0.07655652931983366,3.4893866929763844,3.154228508279277,2.8189321104643796,13.847921575356722,0.4691828354435193,22,Big East,High Major,-0.38424595355735125,6.5945274323954175
2539,San Francisco,3.1765191525860232,2.772391476847627,1.7363280774836412,6.889015537438892,0.043117325180434325,3.4102737019468923,3.4228990521572404,2.095479101246165,8.047699709945752,0.4189816550857257,16,WCC,High Major,-0.23375454936086904,6.5867928545329155
2771,Merrimack,3.663349419990108,3.4652155577931554,2.178223473591605,7.566321040405251,0.08063759735070758,2.9171919868959653,2.941867151824952,1.8681346622985342,6.511160075442273,0.30142971668978774,16,NEC,Mid/Low Major,0.746157433094143,6.5805414068860735
6,South Alabama,3.622520779121354,3.6734655942098997,1.0123132312428749,5.0044556131783535,0.032665467900372225,2.953933501986416,2.1002349137684444,3.244769121009763,11.49390648032044,0.013830240775701502,10,Sun Belt,Mid/Low Major,0.6685872771349377,6.57645428110777
41,UConn,3.117064345434148,3.146231261188927,1.946340915068725,6.6866690586552515,0.04410805952191287,3.4517433604398,2.286575627956764,2.270945327300792,8.62837724566732,0.44187852802163907,29,Big East,High Major,-0.3346790150056518,6.568807705873947
2636,UTSA,3.164992023957363,2.833965794338078,1.3397569338999062,5.600930048198,0.0444105844233817,3.4017157722402516,2.23456521709738,3.7198185783957793,12.530131235433805,0.19446631838091213,12,NA,NA,-0.23672374828288856,6.566707796197615
26,UCLA,3.5291199257548493,3.2841386651362474,2.1079595380596414,7.43007685593547,0.12207404342615974,3.036703145103819,2.293298666758543,3.260892468704622,18.24099903751973,0.2064817120805969,27,Pac-12,Mid/Low Major,0.49241678065103045,6.565823070858668
2429,Charlotte,3.1618307917939323,2.932323790148816,1.706484642710754,7.3478143531355355,0.047029889233261506,3.3954511577184756,2.603169702850744,2.6820027187953017,10.902387747925221,0.4129033457426834,12,C-USA,Mid/Low Major,-0.23362036592454327,6.557281949512408
2509,Purdue,2.2640335616590606,2.5313459741384974,1.3481318429494424,4.673491593772977,0.0061571668175254305,4.292640848052579,2.6084084865715518,4.4534192294373875,15.1144941603034,0.7258094433695532,12,Big Ten,Power 4,-2.0286072863935183,6.55667440971164
56,Stetson,3.6474496971208423,3.727014933586024,2.055751138085952,8.915609277769203,0.1101834021223523,2.908551204746028,2.307492884818325,2.548981973643876,8.468535292638695,0.11836628452203263,18,ASUN,Mid/Low Major,0.7388984923748145,6.55600090186687
2426,Navy,3.2392386083507843,3.329885783095121,1.7516382817862652,7.195665332057372,0.07307680484130347,3.2993367741193023,2.8306624470479815,1.6744567877678902,7.061127371702726,0.4247697907789498,19,Patriot,Mid/Low Major,-0.06009816576851801,6.5385753824700865
2755,Grambling,2.6514419924902097,2.1603660823933755,1.9974229607727603,5.864592383682631,0.0031768740309545823,3.827647459756087,4.066336785614874,2.0787414310040133,6.753625615990931,0.22337544160135225,10,SWAC,Mid/Low Major,-1.176205467265877,6.4790894522462965
151,East Carolina,3.2220853450034004,2.409300013392915,2.2781744879589003,9.13122595600138,0.05516162814001512,3.2547477723695,2.6044253415153786,2.633352489124828,12.176867757055307,0.2541387392273215,20,AAC,High Major,-0.03266242736609959,6.4768331173729
2305,Kansas,3.457006574291397,2.548089269573263,2.3767688530669426,10.482177492368248,0.13407872775012106,2.9776280329251223,1.7471125817262043,2.4617065120282393,7.561172100269886,0.2211766172484138,17,Big 12,Power 4,0.47937854136627456,6.43463460721652
2514,Quinnipiac,3.947756417078061,3.0620213650270975,3.296568425979509,12.707503073951735,0.08538161122668697,2.4852441497907884,1.8613691369216787,1.5810679802036913,6.224855082209789,0.09627077419933072,22,MAAC,Mid/Low Major,1.4625122672872726,6.4330005668688495
2541,Santa Clara,2.966454152025276,2.4966802508227928,2.180974318505241,10.658171004488697,0.05897045170954499,3.46314513185334,2.2993590453500237,2.548742709584102,9.586138423204762,0.47042840435859357,21,WCC,High Major,-0.4966909798280641,6.429599283878616
2193,ETSU,3.462334556897506,2.349425647546511,2.684763703631233,10.237298419455085,0.05452968007351628,2.954262816629296,2.6881294880339546,1.9155626603605025,5.952470056603588,0.2700386229124235,15,NA,NA,0.50807174026821,6.416597373526802
94,N Kentucky,3.6958117364533485,2.913410881398301,1.9121829671172967,7.048619478746328,0.11906163866577096,2.7081905634477708,2.4036422402539084,1.7433651975983442,6.0521812454425135,0.18754380569888426,14,NA,NA,0.9876211730055777,6.404002299901119
135,Minnesota,3.0629414297089452,2.724098415291885,1.9379419237674576,7.79321978265965,0.035994034560887324,3.3393018362227553,2.9078714498823133,2.5185408868770733,10.19920399920586,0.38467704446659107,21,Big Ten,Power 4,-0.2763604065138101,6.4022432659317
275,Wisconsin,2.818510410050304,2.424132130646952,1.8907023276407358,7.00608907717626,0.010201807972466989,3.5681057154746583,2.2668952672507805,4.148650327299991,16.82051650511743,0.24498233004661502,13,Big Ten,Power 4,-0.7495953054243545,6.386616125524962
198,Oral Roberts,2.9453557721795587,2.875309222611798,1.6854134156085658,6.005730090176494,0.026220879149152488,3.4372747622085784,3.4029424763665546,1.3892932548378996,5.9727532424407626,0.3323950350619254,14,Summit League,Mid/Low Major,-0.49191899002901973,6.382630534388137
257,Richmond,2.9937665327019523,2.822873782988449,1.2751626567761203,5.2979271942643695,0.06900137128911765,3.382437190893719,2.811330325491094,2.2471951470718334,7.901757756546633,0.32616711084733435,23,Atlantic 10,High Major,-0.3886706581917667,6.376203723595671
261,Vermont,3.0399924614832963,2.101941364570294,3.061334740001688,16.102905925286922,0.03877834329119376,3.31850425512371,2.683869899272928,2.4347699585698575,10.818150778563624,0.4702356799109422,23,America East,Mid/Low Major,-0.2785117936404138,6.358496716607006
250,UT Arlington,3.3403261798407495,2.4101401936451685,2.5791164644887745,9.388341728037956,0.019275721891053584,3.015412785166471,2.6903246078235914,1.545158349881137,6.124008064672237,0.2842321704414422,10,NA,NA,0.3249133946742786,6.3557389650072205
324,Coastal,3.885438150107845,4.30840892521555,1.5663689994688474,6.526255137235242,0.07444142806428133,2.4633339524107067,1.8139447109770115,2.193385665078285,7.315858096144024,0.04002022084190934,13,NA,NA,1.4221041976971383,6.348772102518552
24,Stanford,3.672820987292072,3.0239011872170463,3.0747009616754277,11.232054924230606,0.051175991494513386,2.6747332365124015,2.35852010628719,1.6240592257934665,6.274633387982737,0.1259918784959498,17,Pac-12,Mid/Low Major,0.9980877507796704,6.347554223804473
179,St Bonaventure,3.6634998098046427,3.5388305435245,2.240038129071074,8.060976083913344,0.09832503720920226,2.6818019098611368,2.9863405078079444,1.2449073208169266,4.601257147604087,0.16886091511378562,15,Atlantic 10,High Major,0.981697899943506,6.3453017196657795
46,Georgetown,3.1664527116279455,2.9327702921300967,1.8051568480578908,6.152750372448577,0.04843341147107604,3.1780935030495345,2.974896181164604,1.3621311781015764,5.2577676753899905,0.3309534412620199,13,Big East,High Major,-0.011640791421589025,6.3445462146774805
254,Utah,4.067774024916196,4.375182030819763,1.9744921978542873,7.632212366925412,0.2466924982808429,2.270477460407655,1.7204565520412995,2.158436896832654,9.258567021065533,0.05539072734440286,17,Pac-12,Mid/Low Major,1.797296564508541,6.338251485323852
84,Indiana,3.7679245948412388,2.763967954347133,3.780446771437377,13.816098302543889,0.05831428921424138,2.5321159602110574,1.9697698774782864,2.0310147247445736,8.568665990333157,0.12286483770666254,15,Big Ten,Power 4,1.2358086346301813,6.300040555052297
2739,Green Bay,4.019285323359478,2.7564521604142382,2.471574382835011,10.446688832415251,0.10671861980956321,2.2565433390809373,1.916664797684295,1.1860551507065407,4.4584330732377495,0.08176202495323083,21,Horizon,Mid/Low Major,1.7627419842785406,6.275828662440415
47,Howard,3.3159124246654015,2.8613990718331745,2.172019076169971,10.784789253343522,0.10312406914702808,2.9453547488169347,2.0054774560047433,2.8527819315180762,12.142897756217796,0.16829250549827698,20,MEAC,Mid/Low Major,0.37055767584846677,6.261267173482336
2627,Tarleton St,2.799266609678448,2.9181468772369805,1.7994874021284457,6.5075372788529124,0.03068778701267224,3.451757179057789,2.505724061733647,2.232544633863022,7.877005429365593,0.4369302440695228,12,WAC,Mid/Low Major,-0.6524905693793408,6.251023788736237
245,Texas A&M,3.784286232764464,3.2201485048791634,2.0646359593828207,8.23653015722957,0.13266186591948892,2.4666820575372572,2.154649127515261,1.5126522978433197,5.6685910144919145,0.1186644636407877,12,SEC,Power 4,1.3176041752272067,6.250968290301721
2168,Dayton,3.290229634781619,3.639407792373391,1.8411548202277608,5.935127888606209,0.053147075548017016,2.9344472357905453,2.8906258442091577,1.9203282062942422,6.127968711635842,0.1544280458736896,14,Atlantic 10,High Major,0.35578239899107356,6.224676870572164
269,Marquette,4.10203230044232,4.179031596535979,2.522455400790569,10.474340871724301,0.09646195230380483,2.1166614066644276,1.8906978501239506,1.4812566641561287,5.316673097850225,0.06860590608396813,16,Big East,High Major,1.9853708937778927,6.218693707106748
2029,AR-Pine Bluff,3.2444654617375748,2.939522689213447,1.9272263334887376,8.083105139869982,0.03680032936494262,2.964099111585886,1.847454207979881,2.417142989749838,7.270222968507005,0.06701497256576301,11,NA,NA,0.28036635015168887,6.208564573323461
119,Towson,2.7164002600573074,2.7194522248164947,1.8668833804639822,7.735127591788985,0.03774009292324538,3.4847570173846045,2.3518213882646655,3.415898924261425,13.053768413805702,0.4376663260591968,15,CAA,Mid/Low Major,-0.7683567573272971,6.2011572774419115
2885,NJIT,3.470382785244751,3.405290934876299,2.4636238847698606,10.30706967633846,0.06255653612826031,2.729746068474498,2.6177243249490245,1.7154046593114372,6.45898354243505,0.15920826089202328,17,NA,NA,0.7406367167702528,6.200128853719249
70,Idaho,3.146716953745348,2.8214709898581942,2.0441821902154564,8.246879335973079,0.05177953781472476,3.0369418498096263,2.043094976708533,2.1929979170250835,7.82253872304444,0.243803122702357,23,Big Sky,Mid/Low Major,0.10977510393572176,6.183658803554975
12,Arizona,2.9311971584634864,2.0307984087974797,2.28491851098897,7.9581623044246905,0.025656414291556965,3.251003667936409,2.874643505513255,2.2231385121634606,8.172201266218117,0.21515049868446626,11,Pac-12,Mid/Low Major,-0.3198065094729228,6.182200826399896
2350,Loyola Chicago,2.173255169355935,1.8477657206839317,1.275124971546501,4.779569991381909,0.006943892636817549,3.994730397051107,2.972414170877437,3.4343468556726817,13.757989935424817,0.17342442586182355,13,Atlantic 10,High Major,-1.821475227695172,6.167985566407042
242,Rice,3.530324015239849,2.9664954639266936,2.472993818187694,9.651941627179944,0.082214777091361907,2.6117542083692418,2.221559609542528,1.7811854057107823,7.383401637635032,0.14795575773535308,24,C-USA,Mid/Low Major,0.9185698068706074,6.142078223609091
25,California,3.741911400948987,2.8271910024691635,4.235736332772171,18.96000220298048,0.08333961982883616,2.3866426853982663,2.332665991685532,0.8054866648403206,4.349574906919334,0.11270066464285933,17,Pac-12,Mid/Low Major,1.3552687155507206,6.128554086347253
57,Florida,2.43095615796054,2.035564986855331,1.8811638649170894,7.841224711016912,0.007876929011978735,3.6888129538813383,2.003046468714343,3.77138284425849,14.771356435960882,0.29597814168157116,16,SEC,Power 4,-1.2578567959207985,6.119769111841878
163,Princeton,2.7106559801326044,2.5103890941069653,1.6942182942862485,7.831831567990871,0.031408754015845905,3.4073465399037204,3.0371104731806677,2.1248754122984916,7.369838304404962,0.4316407544186588,21,Ivy League,Mid/Low Major,-0.6966905597711159,6.118002520036325
2450,Norfolk St,3.4823882611458834,3.048514900908888,2.536971315158326,9.42875420407235,0.05501674502539037,2.6063665856519345,1.8339051566694318,2.1023643804829244,7.067116016277539,0.07282226290435694,14,NA,NA,0.8760216754939489,6.088754846797817
21,San Diego St,2.6749795769525337,2.436672121302268,1.843937402616653,8.559315789428114,0.023121368429009918,3.4042717326133887,2.802221142026526,2.468905133461735,9.324848167109351,0.46556315762123235,22,NA,NA,-0.7292921556608549,6.079251309565922
167,New Mexico,3.0333427818332876,3.1884172680060567,1.6152058868086938,7.392716649688255,0.046528259436735,3.031906568445804,2.6543296250485113,1.4663939806825874,6.059624570187617,0.2655372066128808,19,Mountain West,High Major,0.0014362133874836758,6.065249350279092
2368,Marist,3.152684584058815,2.8391841723366276,1.6668524428392866,6.240543988688158,0.022968804347199234,2.90859883616294,2.522497100922022,1.1208430317513618,4.91252375003522,0.2702747841234584,10,MAAC,Mid/Low Major,0.24408574789587512,6.061283420221755
2856,CA Baptist,3.672442956389601,3.6521748777225347,1.9812847590533211,8.186668379785567,0.08383997999827368,2.3677304804952874,2.3587209013722292,1.9465775312103986,8.149701458613272,0.0718487878945327,17,NA,NA,1.3047124758943136,6.0401734368848885
225,Brown,3.414038688600924,3.0551589889692066,2.196621100562106,8.153273716160317,0.06032435117585134,2.6260065179175256,2.377218344206087,2.105739531395335,8.355134615158727,0.15823019883444694,15,Ivy League,Mid/Low Major,0.7880321706833984,6.04004520651845
204,Oregon St,3.7204749754706588,3.136208656280676,2.4677006625842015,10.362643498078247,0.10208023324169994,2.3107085315975535,2.0041146539070964,1.869311482680229,9.0974192110968,0.08192577002515414,20,NA,NA,1.4097664438731052,6.031183507068212
2572,Southern Miss,3.244912889183034,2.33307953974591,2.697441317069856,8.481333151187526,0.013493509986479026,2.7493958251440294,1.7194315381919516,2.60755336464931,9.838907643322692,0.07764894254631746,14,Sun Belt,Mid/Low Major,0.49551706403900475,5.9943087143270635
2623,Missouri St,2.765645175353666,2.9742042471665915,1.4010247506891547,4.8489827379911565,0.020830549328751505,3.2258861147823916,2.9889599232579167,2.126246436731762,8.455846714153468,0.09452556132065872,16,MVC,Mid/Low Major,-0.4602409394287257,5.991531290136058
2379,MD Eastern,2.728446693479308,2.7130653860233434,1.3261534377298994,5.513127968666344,0.026255660502445242,3.2237407446627175,2.158412657226076,2.8136072492384328,12.03814776523521,0.3999977620328654,15,NA,NA,-0.4952940511834094,5.952187438142026
139,Saint Louis,4.180961981101057,2.779149602482952,3.565381164621418,13.590736047626589,0.12207070988786202,1.7500749341211195,1.5703069800933023,1.4124500422726782,5.380756001496439,0.02973617109941917,11,Atlantic 10,High Major,2.4308870469799375,5.931036915222177
2464,N Arizona,2.0949399433732103,1.545468361124569,1.1402219273413077,3.9462649939463983,0.001530227876855752,3.8061474834162725,3.4031539397833415,2.7921190799617768,9.826321637671231,0.1481930919775586,10,NA,NA,-1.7112075400430622,5.901087426789482
2116,UCF,3.7366653767880504,1.9265505327560797,3.7433155127319475,13.263036235219813,0.014525758668445726,2.128914671706703,1.6080827747013753,1.9519048300037571,7.4173768905493604,0.039412218625951685,10,NA,NA,1.6077507050813473,5.865580048494754
2649,Toledo,3.0712820001298176,2.7441372416689087,1.7722739033335204,6.2223820412375614,0.05589457207007676,2.750590337668171,2.1657262674517703,2.2910110855403927,10.081115067768875,0.10628999881587874,14,MAC,Mid/Low Major,0.3206916624616465,5.821872337797989
36,Colorado St,3.039220986040198,2.8245680614446864,2.2850265235879754,9.21894185080393,0.044731860291755014,2.733316928307999,2.5410879459186373,1.7190094204567812,6.905468296671546,0.16414804035490999,21,NA,NA,0.305904057732199,5.772537914348197
82,UIC,3.0600262859314213,2.5537540093841664,1.898095680704727,6.847427035686236,0.06145227728043529,2.693735037249648,2.3039180026651236,1.8009434070043784,5.805501329201808,0.17564509084992477,13,NA,NA,0.3662912486817733,5.753761323181069
2655,Tulane,2.7868506381304465,1.7550864554272632,2.1871044154039314,6.002030778728205,0.004379909068636005,2.92294063334705,1.700165275226872,2.3004423442991104,7.084436081845067,0.12435136343402813,10,AAC,High Major,-0.13608999521660348,5.7097912714774965
55,Jax State,3.089312649640575,2.1941555139778166,2.0113209270551193,7.866195549657457,0.029767960104537937,2.609411936217085,1.8630029202005036,1.8684049068369706,6.342410224579688,0.055005360524081774,13,NA,NA,0.4799007134234903,5.69872458585766
2026,App State,3.651380808030576,2.4111578529982864,3.2101323703234272,11.188824062475437,0.012277643325395302,2.023966374375047,1.8621760045790878,0.943154611047168,3.4700792634242634,0.054727759332488794,11,NA,NA,1.6274144336555287,5.675347182405623
295,Old Dominion,2.7089513422816838,2.5214284924115833,2.062121948074974,7.023230614956718,0.04202476016045036,2.9570535235560778,1.86955547015566,2.646878295209733,9.529511467876642,0.19121615692630023,17,Sun Belt,Mid/Low Major,-0.24810218127439398,5.6660048658377615
2492,Pepperdine,3.9975971747563444,3.2600598495674085,3.457866455767965,15.742864979361455,0.05879347366572665,1.6364973811364942,1.45827650139576,0.9630993653204943,4.601432907629951,0.022796417572219188,17,WCC,High Major,2.36109979361985,5.634094555892839
2460,Northern Iowa,3.8305416155030456,2.1814344549528806,3.0065432108076124,8.838763150395721,0.12102608947564267,1.754772929149107,1.4430947426172143,1.4778323215964893,5.166752790122393,0.016764062139061328,13,MVC,Mid/Low Major,2.0757686863539386,5.585314544652153
2132,Cincinnati,3.222595067944751,1.8814401393621842,1.9980606352081232,6.053199612964209,0.014429225704116422,2.348672424053334,1.5986593965116005,1.8627736110577322,6.671613554424283,0.08826469391425029,11,AAC,High Major,0.8739226438914169,5.571267491998085
2230,Fordham,3.0358437739212754,2.8382433478017726,2.0335098171434267,7.614506549881898,0.046385089565833267,2.5285551912539486,2.164401936422476,1.6246972291248425,6.340832665177965,0.0952357088754981,10,Atlantic 10,High Major,0.5072885826673268,5.564398965175224
2507,Providence,3.006813880649745,2.920732779454051,1.4808662264071637,6.479394076208589,0.033952048690921506,2.5409896448350424,1.8321965213087759,2.442329555821219,9.305717494663487,0.10242019568214472,14,Big East,High Major,0.46582423581470245,5.547803525484787
152,NC State,3.2820016998266506,2.656187974071084,2.1316146897297727,8.11000475870368,0.0933078675486853,2.261177109825224,1.689606016155999,1.990570468125172,9.412420175713109,0.04624784446476497,18,ACC,Power 4,1.0208245900014266,5.543178809651875
97,Louisville,2.5839276440255725,2.4896886376107235,1.864763823647102,8.101594780060083,0.02972430875437276,2.916949374892045,2.470836259320978,1.7187508786690704,6.309580867726881,0.2111580869926729,24,ACC,Power 4,-0.3330217308664727,5.500877018917618
113,UMass,2.6522012177581775,2.442934661911529,1.4125772910965813,5.831111612891538,0.012490374861332004,2.785617402988409,2.478726704782462,1.933704928272623,6.786097346527516,0.16674010348448529,19,NA,NA,-0.13341618523023158,5.437818620746587
256,James Madison,3.0938172272803346,2.9232648286628344,1.6743366828194473,6.627825370408316,0.06461348498811714,2.246519146305732,1.617854033528333,1.527822830542364,6.031967950037243,0.06735581762134786,21,Sun Belt,Mid/Low Major,0.8472980809746025,5.340336373586067
59,Georgia Tech,3.2143701049124465,3.2197240657138115,1.8043136645136246,5.906849574221843,0.025723838349890192,2.0708751539625414,1.7732166217256677,1.4081620366988385,4.33781223588387,0.028653533638067955,12,ACC,Power 4,1.143494950949905,5.285245258874988
107,Holy Cross,2.9363752998792236,2.906219414835074,1.9821991228965092,6.787562162571672,0.01897124136943407,2.3271183895183345,2.3733673650726312,1.7897693707566138,8.046873509824664,0.06524353720679665,18,Patriot,Mid/Low Major,0.6092569103608891,5.263493689397558
2638,UTEP,3.2322668518824527,3.2308959359587393,1.9989983115347174,7.534071807695766,0.0016536384100250677,1.9977189984802566,1.478267638596602,1.8706112257613583,5.95740296345169,0.026504559635909763,12,NA,NA,1.234547853402196,5.229985850362709
2325,La Salle,3.2691095252567104,2.2506627396182814,2.191612364913223,9.52401917706213,0.03514834284412413,1.9028051014416238,1.9112932630088497,0.8300189787351621,2.9150615578644428,0.01367082898074321,15,Atlantic 10,High Major,1.3663044238150865,5.171914626698334
58,South Florida,3.170119784927101,2.851764002873175,1.674505488715894,5.928681317329224,0.042408543941710806,1.9556471105908289,1.9087774769669383,1.2522534082798173,5.402279680128506,0.029303562637020664,17,AAC,High Major,1.214472674336272,5.12576689551793
314,Iona,2.7994912127818474,2.24070805547188,2.1733172663150393,9.990946111976703,0.010723014118629717,2.316796420867604,2.1774593352952327,1.566828522780526,5.292807344635755,0.08320867574272613,18,MAAC,Mid/Low Major,0.48269479191424347,5.116287633649451
2752,Xavier,2.907701863638168,2.9456049255684835,1.9116938583318606,6.840624095237309,0.0054277434583065364,2.205274384265251,1.7387628915728497,1.6927149711175302,4.8235372781659915,0.03689593428573516,11,Big East,High Major,0.702427479372917,5.112976247903418
156,Creighton,3.3200896746589756,3.106731685815228,2.1071074771944285,7.702778339687616,0.06899021215106284,1.7485127088494337,1.868005959477172,1.2224155996389454,4.048898837264975,0.023821145461079746,13,Big East,High Major,1.571576965809542,5.068602383508409
2453,North Alabama,2.776063283562713,2.697405575300025,1.1412673451225113,4.337272439575281,0.01901051236107728,2.0281228590768086,1.4590561389332255,1.6920155099876888,7.436197692498955,0.031144955919551482,15,ASUN,Mid/Low Major,0.7479404244859045,4.804186142639521
